vehicle_count,crowd_count,hour,congestion
4807,4479,4,Low
329,5092,6,Low
307,12742,23,Medium
2523,4197,8,Low
1243,3418,8,Low
1712,17663,17,Medium
596,354,10,Low
4045,19114,1,High
4178,17480,16,High
249,1538,1,Low
4600,17620,3,High
2901,15403,6,Medium
2702,19553,12,High
3586,12698,18,Medium
4649,3014,21,Low
439,7028,12,Low
3768,774,13,Low
220,9712,11,Medium
2217,6630,18,Low
179,8457,9,Medium
2785,13269,18,Medium
2545,19936,8,High
2910,14924,13,Medium
4243,2852,3,Low
4264,4753,4,Low
3182,16836,19,Medium
1788,14160,7,Medium
1898,4358,13,Low
2285,9743,17,Medium
3402,10103,12,Medium
2838,9946,4,Medium
1033,19925,8,High
681,6205,13,Low
3014,15337,20,Medium
152,4452,2,Low
2771,12986,21,Medium
851,19419,5,Medium
3269,13015,12,Medium
1884,1585,2,Low
2128,8372,9,Medium
1636,18594,6,Medium
1981,1556,19,Low
2686,14433,5,Medium
2411,9007,20,Medium
1987,11798,2,Medium
526,4496,15,Low
172,11128,6,Medium
2735,15982,20,Medium
2134,11619,7,Medium
4985,6487,10,Medium
2504,9276,4,Medium
510,2779,14,Low
1217,7726,9,Medium
1375,7479,11,Medium
1399,2460,6,Low
2878,16307,21,Medium
1339,4233,5,Low
1818,6059,11,Low
3128,13621,12,Medium
3755,677,11,Low
1221,4160,21,Low
4291,17589,16,High
332,14989,22,Medium
2898,4431,16,Low
1143,16146,4,Medium
3197,5503,7,Low
4960,18468,15,High
538,7931,15,Low
4909,1403,10,Low
306,8643,16,Medium
2338,172,3,Low
2910,8559,14,Medium
2031,12169,19,Medium
4318,9159,17,Medium
2277,8889,11,Medium
3201,7304,3,Medium
4931,5915,16,Medium
2157,17553,4,Medium
4780,2237,8,Low
3690,6435,6,Medium
4124,19238,11,High
193,5404,2,Low
2738,13274,1,Medium
4499,12172,14,Medium
2664,10629,1,Medium
792,12278,19,Medium
4656,17106,12,High
3954,10340,1,Medium
2781,9180,20,Medium
959,10116,18,Medium
1542,3055,15,Low
4120,14102,14,Medium
4758,16201,15,Medium
2766,4567,23,Low
2393,14057,22,Medium
2979,2483,10,Low
1350,13019,7,Medium
1062,19386,8,High
1871,2015,3,Low
2323,136,11,Low
4079,2329,14,Low
4972,7772,9,Medium
695,14097,19,Medium
4287,16193,0,Medium
1975,6236,18,Low
3738,2850,4,Low
2915,18036,11,Medium
2976,2189,12,Low
2239,1786,23,Low
3434,16927,3,Medium
4476,17602,9,High
613,11535,10,Medium
1768,15510,5,Medium
694,3622,18,Low
3891,2722,3,Low
4146,17694,4,High
4923,1555,7,Low
2309,10456,1,Medium
3449,5299,2,Low
490,7366,16,Low
4370,18684,22,High
2360,782,15,Low
3964,7565,0,Medium
310,9594,9,Medium
4527,3034,0,Low
3663,264,13,Low
3095,17144,3,Medium
4008,18839,0,High
2319,13642,21,Medium
2839,17823,19,Medium
583,18236,1,Medium
4918,14709,3,Medium
3445,1818,4,Low
845,5751,4,Low
4453,1003,14,Low
3226,18122,5,High
3668,6191,3,Medium
656,11350,4,Medium
2244,9996,13,Medium
1146,4019,1,Low
3391,7421,18,Medium
3652,13130,16,Medium
526,15546,19,Medium
3741,4418,19,Low
2443,5212,22,Low
644,18484,21,Medium
3396,3500,13,Low
3007,19839,18,High
4365,14494,20,Medium
2423,8538,1,Medium
3886,18741,17,High
2479,19932,5,High
3931,12929,0,Medium
3102,18018,9,High
229,2891,9,Low
3944,17455,4,High
2802,7927,21,Medium
1957,13462,20,Medium
511,13162,20,Medium
3568,8301,4,Medium
460,12289,8,Medium
4146,8015,23,Medium
2541,4504,12,Low
3811,3911,0,Low
442,19403,8,Medium
2556,13788,8,Medium
4618,1286,20,Low
3001,16011,0,Medium
2848,5852,19,Low
4267,364,14,Low
2892,3191,19,Low
268,5189,5,Low
2796,17843,4,Medium
4037,8444,13,Medium
3002,13754,23,Medium
917,9582,1,Medium
2070,15881,9,Medium
3865,1567,2,Low
4271,13337,4,Medium
4504,17641,1,High
718,18412,7,Medium
4815,3626,19,Low
4040,2470,13,Low
2850,11448,13,Medium
2617,18100,12,Medium
4146,16457,18,Medium
1473,10443,10,Medium
3297,2608,17,Low
2437,15759,0,Medium
828,16722,22,Medium
3594,14595,18,Medium
246,5939,16,Low
669,8102,18,Medium
2411,10811,10,Medium
722,17785,20,Medium
4595,18418,19,High
4799,5350,2,Medium
4832,170,10,Low
1795,15901,22,Medium
1077,10148,3,Medium
2805,3015,11,Low
4267,5308,6,Low
4916,7960,19,Medium
4982,13912,12,Medium
1674,8106,13,Medium
1175,18654,2,Medium
4446,8245,16,Medium
3481,10976,18,Medium
1365,4884,12,Low
3643,19647,21,High
3067,15472,12,Medium
828,8182,2,Medium
2716,8486,2,Medium
2290,15169,15,Medium
1744,4437,23,Low
4861,10602,15,Medium
1722,3787,19,Low
1264,3839,7,Low
1430,8654,12,Medium
4455,295,22,Low
4904,12250,12,Medium
4496,15719,17,Medium
3051,6702,15,Medium
2222,14414,15,Medium
2330,12181,5,Medium
3381,14042,4,Medium
1975,17072,7,Medium
3484,16085,22,Medium
3856,13578,21,Medium
4068,13313,5,Medium
2158,5715,5,Low
791,6450,5,Low
1502,8248,0,Medium
4033,19075,0,High
2143,10961,2,Medium
970,13156,22,Medium
4520,13872,22,Medium
4050,8517,0,Medium
4576,12819,15,Medium
3586,7638,20,Medium
4068,3597,4,Low
3760,12768,19,Medium
1023,6921,13,Low
2013,15864,11,Medium
146,16942,17,Medium
3488,7176,22,Medium
3509,12606,21,Medium
2529,277,14,Low
421,3239,21,Low
892,1307,16,Low
1964,8977,2,Medium
3605,19086,18,High
3336,14009,12,Medium
2497,16177,13,Medium
3649,16309,10,Medium
1615,9876,16,Medium
297,11852,21,Medium
540,4299,22,Low
3170,7160,8,Medium
4800,3849,1,Low
2645,17935,14,Medium
3182,2783,11,Low
4768,4620,23,Low
4009,6820,15,Medium
131,13583,20,Medium
1963,5184,15,Low
1229,18457,12,Medium
3687,14139,16,Medium
3971,15725,22,Medium
4772,4560,13,Low
1846,14087,0,Medium
971,13174,11,Medium
3007,3934,20,Low
2868,19124,4,High
2069,8020,22,Medium
2354,12531,21,Medium
1789,18649,8,Medium
1286,13743,1,Medium
419,2664,17,Low
509,434,10,Low
1454,15828,1,Medium
756,7923,8,Medium
4239,10360,17,Medium
770,4357,21,Low
1824,13795,5,Medium
581,3863,7,Low
3976,18858,6,High
280,8814,9,Medium
1115,5643,5,Low
3401,19723,8,High
3506,9595,23,Medium
2703,3887,21,Low
3523,5009,16,Low
699,15058,18,Medium
1319,7189,11,Low
2126,499,10,Low
2770,13110,20,Medium
3457,517,18,Low
793,8281,3,Medium
1474,5309,17,Low
343,11660,5,Medium
4476,12731,8,Medium
2281,10213,15,Medium
3784,7488,17,Medium
2438,15986,11,Medium
4972,14150,6,Medium
2297,9602,2,Medium
817,12034,16,Medium
3979,16599,9,Medium
818,6680,10,Low
581,9574,5,Medium
3091,1519,22,Low
523,10255,10,Medium
4863,19678,21,High
196,12551,11,Medium
4320,6669,7,Medium
3645,15546,10,Medium
3754,12103,9,Medium
2879,3977,15,Low
4900,1353,9,Low
4854,2448,14,Low
4491,17152,20,High
2669,10543,11,Medium
3509,8889,23,Medium
2362,11350,2,Medium
3269,15966,1,Medium
1068,9354,20,Medium
2174,3677,1,Low
3229,17224,5,Medium
4368,2691,11,Low
4502,4062,0,Low
144,11562,22,Medium
4570,17194,13,High
2116,19353,17,High
2924,15919,13,Medium
4726,15201,4,Medium
3592,11959,14,Medium
248,6932,11,Low
2159,19595,8,High
3696,16490,10,Medium
3192,2040,22,Low
2124,10886,4,Medium
2215,10556,11,Medium
3068,3489,10,Low
917,3767,21,Low
2371,7333,9,Medium
2830,17560,17,Medium
3391,3146,14,Low
215,1551,8,Low
3308,10491,18,Medium
2277,4151,11,Low
1386,4578,15,Low
4650,8091,23,Medium
4240,18392,4,High
4813,13464,14,Medium
4356,9468,4,Medium
4468,11248,12,Medium
4690,16928,22,High
4282,16462,15,Medium
3395,16754,7,Medium
2859,10069,8,Medium
874,5560,19,Low
485,12132,15,Medium
1977,13624,3,Medium
3164,18529,19,High
4792,4700,15,Low
4827,3188,23,Low
3133,16702,5,Medium
2489,1127,13,Low
2848,13911,22,Medium
334,14535,14,Medium
692,9385,5,Medium
2634,17005,15,Medium
2818,8970,14,Medium
2405,10066,5,Medium
3756,17836,0,High
4639,5511,12,Medium
4401,13376,18,Medium
1641,8478,5,Medium
1675,8070,14,Medium
4900,8166,22,Medium
2413,9295,10,Medium
422,13423,10,Medium
4715,17029,12,High
3560,10753,6,Medium
525,8782,15,Medium
3026,13122,23,Medium
2683,15336,19,Medium
1726,9032,18,Medium
3443,1543,18,Low
955,4878,23,Low
3011,13972,18,Medium
4583,14830,6,Medium
2882,19343,11,High
3759,17881,0,High
2653,9392,9,Medium
2130,3526,14,Low
2302,2523,21,Low
3220,11039,21,Medium
3626,18298,20,High
3590,9282,18,Medium
380,11536,18,Medium
595,13626,14,Medium
2591,16383,16,Medium
804,8546,0,Medium
3895,10555,19,Medium
904,14447,12,Medium
952,12070,23,Medium
3041,7092,9,Medium
4248,7107,0,Medium
4989,12293,0,Medium
1635,1241,5,Low
4756,14037,2,Medium
1594,4347,22,Low
4783,9179,18,Medium
2850,5359,14,Low
4302,6408,10,Medium
4462,9338,10,Medium
2314,4268,21,Low
2298,8861,8,Medium
2242,7213,15,Medium
3110,2208,17,Low
174,7274,21,Low
467,19735,15,High
1140,19267,16,High
867,12479,2,Medium
3146,14128,8,Medium
871,9403,8,Medium
4976,681,16,Low
391,8017,7,Low
315,2419,5,Low
1552,18206,4,Medium
2905,2326,12,Low
4469,5930,2,Medium
4707,3764,0,Low
566,8634,0,Medium
4295,6184,12,Medium
4856,11930,12,Medium
4185,13841,17,Medium
3172,17104,19,Medium
4663,3766,2,Low
680,11558,16,Medium
4542,19552,19,High
869,3804,10,Low
3138,4142,19,Low
2040,9940,8,Medium
2602,1377,21,Low
2453,15095,16,Medium
1004,8107,1,Medium
1442,2563,12,Low
1271,4033,8,Low
1232,14457,22,Medium
4282,5487,4,Medium
2049,6571,5,Low
2480,19676,22,High
1263,8612,13,Medium
1589,15304,21,Medium
4101,7353,2,Medium
1508,3322,13,Low
4269,12763,0,Medium
4028,17649,6,High
4115,511,5,Low
1322,17442,3,Medium
1248,3162,4,Low
1296,15678,3,Medium
1471,11754,9,Medium
3677,978,17,Low
1017,149,13,Low
4339,3043,20,Low
2450,9878,7,Medium
1170,16359,7,Medium
2374,532,15,Low
2096,15713,14,Medium
2677,8437,17,Medium
4597,4774,21,Low
3881,4840,9,Low
3439,16838,17,Medium
3893,14207,3,Medium
1867,15269,18,Medium
456,4328,9,Low
1885,10967,21,Medium
3310,16176,4,Medium
2638,1864,10,Low
1063,3763,18,Low
1448,7897,17,Medium
1662,12707,5,Medium
4721,10356,13,Medium
4878,18212,19,High
1917,3435,12,Low
359,8265,1,Medium
3553,17210,20,Medium
4954,18280,15,High
3156,13868,16,Medium
151,305,13,Low
3530,8127,23,Medium
1352,18272,16,Medium
2038,9594,12,Medium
4418,14433,10,Medium
2869,19341,1,High
2104,5812,13,Low
1741,3155,0,Low
794,1200,7,Low
320,17256,1,Medium
1026,14439,0,Medium
4100,14322,2,Medium
823,9056,9,Medium
3314,18981,3,High
4446,18499,1,High
3396,9326,3,Medium
4625,12288,0,Medium
4760,1183,23,Low
1521,14544,19,Medium
2876,2100,9,Low
2116,7331,0,Medium
3916,190,18,Low
3800,19111,14,High
4158,14096,15,Medium
178,6575,21,Low
3174,15463,2,Medium
3771,13125,12,Medium
786,1993,23,Low
1371,12747,8,Medium
4103,17446,20,High
1491,1859,10,Low
615,3898,7,Low
1326,3005,21,Low
306,18094,6,Medium
201,12038,0,Medium
2247,12380,20,Medium
3010,19537,11,High
3876,14823,9,Medium
973,4415,23,Low
3426,5660,17,Low
868,843,19,Low
4320,17486,20,High
2506,16937,0,Medium
3128,15848,0,Medium
396,1389,1,Low
4396,13245,0,Medium
2550,16442,9,Medium
604,13918,9,Medium
4815,15520,17,Medium
3651,336,0,Low
3178,12235,17,Medium
1115,6444,23,Low
2495,10003,10,Medium
3360,16237,12,Medium
4640,10862,3,Medium
934,17541,5,Medium
4404,6649,11,Medium
460,1779,7,Low
3759,10733,16,Medium
4322,1917,11,Low
3619,11642,14,Medium
739,19857,13,High
4664,12136,11,Medium
2485,6924,17,Medium
2205,2576,0,Low
2554,14848,14,Medium
3648,7955,18,Medium
4332,8645,20,Medium
1430,10278,16,Medium
3489,4499,10,Low
4097,19987,19,High
1887,13903,8,Medium
2728,18824,20,High
169,9574,15,Medium
3940,6943,3,Medium
2047,14984,14,Medium
2958,5606,20,Low
274,12844,15,Medium
1113,8149,4,Medium
4904,3908,1,Low
3264,18634,23,High
1742,6356,1,Low
2235,11412,4,Medium
3752,7446,19,Medium
588,2857,5,Low
4158,10891,14,Medium
665,6814,2,Low
1593,13162,22,Medium
4137,12282,23,Medium
4029,11512,15,Medium
3315,12825,11,Medium
2701,7289,20,Medium
2300,6586,2,Low
197,19179,8,Medium
1293,16272,16,Medium
1757,2648,14,Low
1061,6903,12,Low
3506,10882,12,Medium
495,6359,9,Low
3424,16532,1,Medium
1726,15332,17,Medium
3585,15773,13,Medium
2298,17485,0,Medium
1405,3642,15,Low
4578,1736,17,Low
790,9143,17,Medium
3385,17572,18,Medium
892,3181,13,Low
216,903,17,Low
257,11344,21,Medium
664,4758,0,Low
2051,10275,5,Medium
1459,7672,20,Medium
1427,18364,11,Medium
1139,10540,4,Medium
2306,9418,2,Medium
2313,13213,1,Medium
544,19960,19,High
2241,5645,4,Low
2862,18647,4,High
626,9460,14,Medium
2137,17587,17,Medium
4904,4956,6,Low
1296,15616,13,Medium
2309,19722,1,High
4725,8081,9,Medium
2772,10846,7,Medium
4225,7276,9,Medium
874,13386,18,Medium
1685,14638,11,Medium
1825,17168,9,Medium
1889,16914,10,Medium
4677,16294,17,Medium
2237,1552,0,Low
1050,3357,20,Low
4333,13829,21,Medium
1274,11612,20,Medium
2014,3006,1,Low
3406,4898,20,Low
3045,18165,4,High
2663,8552,17,Medium
3683,12262,4,Medium
1674,4309,13,Low
2065,9582,4,Medium
4655,8062,10,Medium
1669,8325,15,Medium
571,4310,17,Low
3124,5174,15,Low
4740,9333,14,Medium
2728,7645,2,Medium
505,18872,20,Medium
4632,2233,19,Low
545,15662,0,Medium
2114,1626,3,Low
3948,17682,5,High
4693,3542,20,Low
1121,6255,4,Low
2892,10667,18,Medium
2859,14855,5,Medium
1217,19509,3,High
4069,12862,23,Medium
3099,571,8,Low
2482,2657,14,Low
302,17785,9,Medium
2368,12129,10,Medium
2531,10043,16,Medium
2628,8057,7,Medium
2523,12208,11,Medium
2830,9307,17,Medium
695,12068,0,Medium
4264,17911,0,High
3820,18354,21,High
4186,13186,12,Medium
4919,14046,22,Medium
2517,15546,13,Medium
2034,5666,3,Low
1562,1608,13,Low
4283,15214,18,Medium
2880,17803,17,Medium
385,12306,19,Medium
1825,7607,13,Medium
3675,12615,5,Medium
3053,4293,2,Low
4209,7738,11,Medium
586,13135,9,Medium
4542,19447,10,High
312,8760,10,Medium
423,9705,12,Medium
3552,7146,9,Medium
2147,447,2,Low
2818,6203,13,Low
1084,6357,4,Low
3496,1799,12,Low
3508,9568,10,Medium
1758,8866,4,Medium
4594,19841,14,High
2992,5956,19,Low
1537,13233,7,Medium
1344,3519,15,Low
3123,3898,3,Low
1949,19907,8,High
1353,11444,20,Medium
4059,1818,5,Low
1562,9937,13,Medium
2368,18211,23,Medium
4094,16107,17,Medium
669,17014,3,Medium
345,5027,8,Low
1046,11946,5,Medium
2006,11635,21,Medium
1336,16614,8,Medium
3780,15681,1,Medium
3166,7101,13,Medium
2363,10710,6,Medium
3467,5255,16,Low
1202,573,5,Low
2082,17401,11,Medium
1545,1604,15,Low
3972,16267,6,Medium
2220,17019,5,Medium
229,13852,13,Medium
683,13885,17,Medium
3665,4746,0,Low
3274,7390,23,Medium
1075,1991,10,Low
2399,9512,12,Medium
503,19562,3,Medium
574,6897,3,Low
2607,17325,6,Medium
4392,11389,21,Medium
4299,3456,13,Low
772,11144,9,Medium
4329,4345,18,Low
4683,13450,18,Medium
1532,8683,7,Medium
450,14877,15,Medium
3376,18141,13,High
356,10536,7,Medium
3015,17279,19,Medium
3234,9697,21,Medium
2852,8584,14,Medium
1138,19151,17,Medium
1099,6788,20,Low
4143,541,8,Low
454,18560,12,Medium
3342,1326,3,Low
1494,4787,23,Low
3859,4756,13,Low
1925,3716,9,Low
3799,18543,7,High
4028,5779,22,Medium
2383,5699,19,Low
2619,7406,1,Medium
3925,10946,8,Medium
941,11591,21,Medium
524,17873,16,Medium
3003,17943,9,Medium
4575,1244,9,Low
2991,8274,5,Medium
3789,3209,11,Low
156,16811,2,Medium
2441,3300,21,Low
3121,5246,12,Low
1253,6023,21,Low
4446,10450,8,Medium
2307,2791,17,Low
2806,3996,5,Low
4992,4703,7,Low
2787,16533,2,Medium
2754,3665,0,Low
4610,4799,13,Low
577,7770,6,Low
1624,17070,18,Medium
2222,13592,1,Medium
3137,14576,10,Medium
4330,7477,6,Medium
1038,14019,20,Medium
4865,8907,17,Medium
2619,9771,8,Medium
3072,18443,2,High
3126,6480,9,Medium
3894,18443,7,High
4394,10710,19,Medium
2876,13342,5,Medium
4951,3643,7,Low
903,9973,6,Medium
1931,14430,13,Medium
4376,8586,9,Medium
1392,14507,1,Medium
1426,13481,3,Medium
4350,4518,3,Low
1381,9521,13,Medium
1206,16881,16,Medium
3039,11032,14,Medium
3625,18389,7,High
3242,3990,8,Low
367,2527,17,Low
4656,8602,5,Medium
1777,17034,19,Medium
1534,17587,14,Medium
2395,2461,22,Low
311,11845,2,Medium
4246,11466,8,Medium
2983,7108,3,Medium
2918,8849,21,Medium
1079,11998,5,Medium
1639,6763,5,Low
2407,12379,10,Medium
1261,1262,8,Low
3374,194,18,Low
1432,14937,19,Medium
438,17430,4,Medium
614,11080,4,Medium
4039,11807,19,Medium
2580,13200,4,Medium
1005,16847,21,Medium
454,14007,17,Medium
1715,9543,13,Medium
304,6684,19,Low
342,3156,19,Low
3612,16753,8,Medium
4698,17571,13,High
2688,2303,3,Low
1262,1647,18,Low
1722,10611,7,Medium
2255,3944,4,Low
4461,9215,13,Medium
3141,4140,8,Low
4758,8272,6,Medium
4118,3085,3,Low
4339,7413,10,Medium
2604,14718,11,Medium
2638,939,3,Low
2831,8554,5,Medium
866,912,10,Low
1889,13324,3,Medium
530,17549,6,Medium
527,2580,13,Low
412,17713,23,Medium
992,11810,0,Medium
2352,4237,11,Low
876,11508,7,Medium
1771,17120,7,Medium
794,1647,7,Low
3998,8383,20,Medium
203,14028,11,Medium
3954,18678,14,High
2626,7482,22,Medium
1222,15975,16,Medium
4249,16962,0,Medium
2678,4886,12,Low
4689,10428,11,Medium
529,12806,2,Medium
634,15764,7,Medium
4963,7544,2,Medium
3571,8596,8,Medium
3375,13463,16,Medium
2213,17581,4,Medium
4916,7683,9,Medium
1324,8284,4,Medium
4983,591,14,Low
4936,7141,21,Medium
237,6764,19,Low
4973,1410,20,Low
1497,19971,10,High
2854,15201,4,Medium
332,14166,7,Medium
1010,4842,9,Low
3091,5968,3,Low
1813,13118,23,Medium
183,11591,8,Medium
2781,16420,8,Medium
4875,12520,14,Medium
104,8797,10,Medium
763,3402,19,Low
4729,12788,15,Medium
967,17644,18,Medium
3840,7879,18,Medium
1552,18239,9,Medium
874,495,6,Low
2149,16884,1,Medium
134,1459,3,Low
909,11259,7,Medium
4121,19612,18,High
2568,14775,23,Medium
3179,13173,18,Medium
2252,1049,0,Low
4595,10539,18,Medium
1516,1193,3,Low
1639,18391,19,Medium
2242,13023,4,Medium
1110,10216,9,Medium
4278,9591,2,Medium
4926,17980,1,High
1441,4510,2,Low
2921,14686,3,Medium
545,6892,15,Low
885,1868,23,Low
3710,14229,6,Medium
1623,12733,0,Medium
4886,15731,3,Medium
4688,17414,7,High
391,123,21,Low
4934,9025,9,Medium
3146,4895,14,Low
2662,11557,13,Medium
3145,7536,5,Medium
2774,16101,4,Medium
2772,8696,13,Medium
1331,17780,12,Medium
2189,15615,11,Medium
3841,16139,3,Medium
1266,1204,15,Low
4167,4163,18,Low
1112,8378,0,Medium
646,435,18,Low
1695,11434,8,Medium
3885,17285,13,Medium
4027,16834,14,Medium
118,6907,18,Low
3802,12598,1,Medium
1963,9020,22,Medium
1580,16631,14,Medium
4767,12622,9,Medium
2932,5423,13,Low
584,14093,20,Medium
237,6817,16,Low
1902,11322,4,Medium
3613,6954,2,Medium
1638,15209,12,Medium
3516,5287,0,Low
3958,11327,21,Medium
3497,19171,11,High
678,6975,22,Low
884,13697,5,Medium
1818,10097,5,Medium
4080,11000,1,Medium
4583,18633,11,High
2399,16468,10,Medium
4522,19469,8,High
3320,13168,11,Medium
3175,13659,13,Medium
2330,4861,8,Low
419,14744,17,Medium
407,5338,10,Low
4917,11333,3,Medium
3667,8519,13,Medium
247,13755,9,Medium
2667,18245,8,High
4682,11949,9,Medium
2580,1618,0,Low
4904,13695,10,Medium
520,7091,7,Low
3781,13865,21,Medium
2204,17655,9,Medium
3367,12811,8,Medium
383,7079,14,Low
3095,5184,16,Low
1173,3150,11,Low
4499,11119,19,Medium
3112,8292,5,Medium
2101,7744,20,Medium
2347,17676,2,Medium
3987,14907,8,Medium
2534,17917,9,Medium
1389,13300,19,Medium
3538,7637,16,Medium
2392,15175,7,Medium
1714,6038,3,Low
2868,15489,5,Medium
3036,7100,9,Medium
4655,946,22,Low
2070,13061,10,Medium
1693,9965,3,Medium
3593,7816,17,Medium
639,7412,6,Low
240,16452,17,Medium
1617,18568,7,Medium
1777,7996,9,Medium
1658,17088,21,Medium
3920,1911,17,Low
2615,9382,21,Medium
1524,9842,2,Medium
1717,1038,14,Low
2524,9067,11,Medium
4905,12779,19,Medium
408,2445,11,Low
3778,13569,5,Medium
3436,14625,6,Medium
1220,10974,5,Medium
4842,8239,14,Medium
1285,11003,21,Medium
2310,5073,7,Low
4242,10460,17,Medium
1616,9193,2,Medium
4978,12545,10,Medium
4317,10884,21,Medium
2495,8037,18,Medium
2074,7078,13,Medium
3782,14289,23,Medium
3822,973,6,Low
3488,16867,19,Medium
1971,3094,6,Low
4209,19538,13,High
2118,18266,0,Medium
219,13330,8,Medium
4887,1413,19,Low
2700,3201,10,Low
2921,19183,11,High
550,4207,19,Low
3585,13460,16,Medium
4691,8356,20,Medium
2665,5440,18,Low
3714,11696,0,Medium
4872,11380,20,Medium
1143,11019,13,Medium
4983,8531,4,Medium
289,5569,18,Low
385,12099,23,Medium
3097,7142,1,Medium
4073,18174,8,High
2899,1229,17,Low
3411,14410,2,Medium
1943,7662,16,Medium
827,17537,17,Medium
859,14831,7,Medium
3478,2192,7,Low
1772,11732,0,Medium
2065,15120,14,Medium
3754,1070,9,Low
1901,774,12,Low
4468,4112,8,Low
3091,2711,21,Low
1476,2569,14,Low
877,14340,17,Medium
3520,10824,20,Medium
914,4838,6,Low
3910,12165,5,Medium
2308,1318,14,Low
3732,4755,15,Low
2600,6364,14,Low
353,5455,20,Low
1607,11982,4,Medium
129,900,17,Low
3827,17140,11,Medium
2276,17340,8,Medium
2259,14308,9,Medium
3440,6549,16,Medium
2671,2770,17,Low
160,7197,20,Low
3177,4944,11,Low
4065,14895,19,Medium
2448,3644,19,Low
694,14372,12,Medium
4918,10266,5,Medium
4416,9194,13,Medium
1255,11666,2,Medium
1115,4016,17,Low
4477,14256,0,Medium
773,6702,14,Low
4797,11663,5,Medium
3820,19427,2,High
1998,8751,23,Medium
842,14150,19,Medium
1973,15434,8,Medium
400,239,6,Low
1104,17140,20,Medium
4702,16619,14,Medium
3695,9907,2,Medium
2607,16870,21,Medium
2697,13640,2,Medium
3440,13853,6,Medium
2302,19582,18,High
3906,16310,7,Medium
1141,11433,8,Medium
3849,15178,12,Medium
1149,6351,17,Low
1719,16876,14,Medium
4787,17719,9,High
1396,9544,22,Medium
3209,5421,6,Low
3568,7477,2,Medium
4860,9535,1,Medium
4739,19453,20,High
2849,12937,6,Medium
4684,436,23,Low
3824,19661,12,High
4011,8866,12,Medium
1185,12437,11,Medium
417,2575,14,Low
3162,1233,6,Low
4988,433,5,Low
3983,13318,9,Medium
3592,13721,8,Medium
4750,15556,3,Medium
3088,8770,15,Medium
1288,2927,7,Low
710,18100,9,Medium
2634,1491,18,Low
115,9008,15,Medium
1012,10014,14,Medium
3008,3041,23,Low
1108,15079,13,Medium
4276,19699,7,High
1358,19323,15,High
3788,8667,9,Medium
2931,13149,8,Medium
3062,2310,20,Low
2098,12666,1,Medium
1508,15122,1,Medium
4093,16412,13,Medium
3596,18958,20,High
3616,16714,5,Medium
261,11161,14,Medium
2899,17961,21,Medium
4569,12506,8,Medium
3522,3780,23,Low
115,2015,6,Low
263,17792,21,Medium
4974,10511,20,Medium
101,3159,19,Low
2368,17066,9,Medium
2196,9696,3,Medium
3292,8994,16,Medium
4519,1614,17,Low
739,11960,1,Medium
107,17621,8,Medium
1851,15303,15,Medium
3995,19165,14,High
2437,14768,19,Medium
4226,8894,8,Medium
1592,657,23,Low
1494,11700,23,Medium
2059,18302,19,Medium
1602,14359,20,Medium
3517,8168,6,Medium
4310,11922,20,Medium
2501,9143,11,Medium
523,2763,1,Low
3714,6500,11,Medium
4062,16442,17,Medium
4774,7149,15,Medium
4418,5297,18,Low
1428,7352,22,Low
577,14338,4,Medium
157,18251,21,Medium
2874,5427,7,Low
882,8623,2,Medium
2331,5441,2,Low
4646,16737,8,Medium
525,17057,20,Medium
1115,4143,10,Low
1193,17886,12,Medium
2888,18722,23,High
4502,19441,5,High
650,1456,0,Low
3209,19182,16,High
4646,294,5,Low
3240,10777,1,Medium
4556,19203,5,High
4828,19199,23,High
4109,433,17,Low
3397,11130,4,Medium
4320,9176,6,Medium
3584,2400,13,Low
3720,3181,2,Low
4724,16109,12,Medium
298,10210,9,Medium
1925,19411,23,High
3017,12069,17,Medium
166,5796,21,Low
2882,13538,21,Medium
1128,3937,7,Low
309,12463,15,Medium
354,18373,0,Medium
4881,17352,16,High
4714,9345,20,Medium
3076,6527,23,Medium
460,18551,19,Medium
4020,16962,12,Medium
2393,217,19,Low
550,15826,1,Medium
3077,2339,16,Low
1381,12300,7,Medium
1090,15552,1,Medium
1838,19248,15,High
2572,18125,11,Medium
4371,14689,6,Medium
2405,7064,23,Medium
1384,10013,17,Medium
3200,13356,8,Medium
3767,7588,10,Medium
4459,4051,12,Low
438,10014,5,Medium
243,15499,18,Medium
1951,14635,17,Medium
430,3072,3,Low
4903,11904,6,Medium
2120,6221,8,Low
2205,14933,4,Medium
4735,8609,4,Medium
1392,4098,17,Low
933,10969,23,Medium
2727,19570,12,High
3031,12455,7,Medium
2766,1083,11,Low
2298,3960,2,Low
2279,1574,19,Low
4491,9020,14,Medium
4302,14045,23,Medium
1989,9041,5,Medium
1893,4639,18,Low
1038,7952,19,Medium
1802,9087,15,Medium
387,13721,16,Medium
921,6699,6,Low
4776,1098,7,Low
339,15015,22,Medium
3167,9990,14,Medium
2222,10444,22,Medium
1390,10335,19,Medium
4654,2004,21,Low
4881,14183,3,Medium
3520,19953,18,High
1872,6322,2,Low
3556,14946,5,Medium
192,766,0,Low
4353,15389,8,Medium
4156,15831,19,Medium
2198,16020,14,Medium
651,8860,3,Medium
2507,9594,4,Medium
3876,17148,7,Medium
2163,19726,1,High
3720,605,3,Low
3721,18795,10,High
3134,873,23,Low
4706,17958,12,High
1411,9704,10,Medium
827,18087,2,Medium
2730,3792,7,Low
3979,2395,15,Low
3553,12624,13,Medium
797,19660,4,High
4649,3923,20,Low
1561,19501,19,High
3389,8100,12,Medium
4917,10774,3,Medium
1955,3545,12,Low
1172,4579,13,Low
3299,6650,16,Medium
2280,12675,19,Medium
933,19670,21,High
817,7620,19,Low
4781,10384,16,Medium
2809,1727,19,Low
784,18598,2,Medium
4899,2832,11,Low
435,14280,21,Medium
4370,17576,23,High
4574,391,17,Low
2436,19997,14,High
3086,13503,6,Medium
3854,19116,0,High
1734,2706,1,Low
4902,16749,22,High
3882,15776,23,Medium
1541,7746,16,Medium
4766,17446,23,High
4020,12469,19,Medium
4489,13749,19,Medium
856,9074,20,Medium
711,11603,4,Medium
2471,2640,11,Low
2206,4666,16,Low
3921,13972,4,Medium
1043,9203,4,Medium
4041,15596,14,Medium
4637,5388,19,Medium
2377,10114,17,Medium
4993,5705,21,Medium
3965,1098,6,Low
4697,170,17,Low
4177,4308,7,Low
1858,18006,11,Medium
2247,2198,22,Low
2433,137,17,Low
2010,5286,0,Low
426,12194,5,Medium
4951,1678,2,Low
4710,10515,21,Medium
3222,1157,17,Low
2548,13619,3,Medium
2920,8754,14,Medium
585,8182,12,Medium
4642,16698,17,Medium
609,8621,14,Medium
1308,19017,23,Medium
158,8485,9,Medium
2866,10286,4,Medium
4083,13481,3,Medium
3570,13145,3,Medium
892,9586,18,Medium
2815,5590,8,Low
2448,11004,18,Medium
4208,4562,12,Low
849,9669,17,Medium
4495,18643,19,High
4442,15692,3,Medium
1587,10544,2,Medium
2447,12303,10,Medium
293,18373,7,Medium
4260,16250,18,Medium
3152,12440,15,Medium
4345,14028,7,Medium
3897,13493,16,Medium
3944,8224,22,Medium
1557,12590,1,Medium
649,13690,20,Medium
4173,10199,6,Medium
957,3265,19,Low
1320,11979,9,Medium
2516,12024,10,Medium
1752,4329,21,Low
3498,8377,18,Medium
207,2923,22,Low
3541,13700,21,Medium
483,6829,11,Low
3597,15670,3,Medium
3760,11705,17,Medium
4441,3578,10,Low
4295,8664,13,Medium
4519,2527,3,Low
949,13085,17,Medium
4986,5359,15,Medium
4741,12804,12,Medium
1997,3565,18,Low
2793,6936,14,Medium
1300,9078,20,Medium
2555,17773,6,Medium
2702,10894,8,Medium
3312,18138,17,High
4292,111,4,Low
4580,4883,11,Low
2671,635,4,Low
3708,13855,11,Medium
841,8400,3,Medium
4475,10574,1,Medium
4208,6428,1,Medium
1046,19268,12,Medium
3483,8947,0,Medium
2804,6734,17,Medium
3204,7166,10,Medium
1450,16367,8,Medium
2082,9371,21,Medium
516,18505,3,Medium
3998,11490,4,Medium
4780,9775,0,Medium
3354,14989,11,Medium
2637,10252,13,Medium
3821,12249,19,Medium
1478,11773,8,Medium
278,6193,23,Low
4493,12394,14,Medium
477,769,18,Low
245,1558,14,Low
3950,10268,21,Medium
2993,12583,15,Medium
1116,13906,13,Medium
1704,10236,11,Medium
4327,8828,4,Medium
2254,473,10,Low
454,13935,2,Medium
4297,14981,4,Medium
4029,17444,7,High
3821,9947,22,Medium
606,754,18,Low
1857,3817,17,Low
935,18832,3,Medium
4427,17941,22,High
4747,17617,2,High
2660,1580,16,Low
2862,17876,20,Medium
1220,9817,20,Medium
3287,13433,11,Medium
2284,7467,2,Medium
3432,2050,15,Low
475,12682,15,Medium
1700,2961,12,Low
4127,7097,6,Medium
3115,8692,17,Medium
3481,19785,21,High
541,1098,9,Low
756,11627,18,Medium
1725,3735,0,Low
4141,5130,15,Low
1304,5367,18,Low
2559,1551,10,Low
3753,5912,7,Medium
2164,17032,14,Medium
1048,14860,21,Medium
3659,14173,23,Medium
1890,17114,11,Medium
1186,2020,16,Low
3963,608,4,Low
700,10379,13,Medium
2347,2482,20,Low
511,12910,17,Medium
1053,9753,17,Medium
713,12186,22,Medium
2968,622,17,Low
395,16078,5,Medium
4839,17480,9,High
3448,13183,0,Medium
858,8313,4,Medium
2464,9842,19,Medium
3737,6443,10,Medium
693,3374,22,Low
3841,16000,22,Medium
1536,12651,7,Medium
4641,8106,23,Medium
1520,16972,4,Medium
2492,7657,3,Medium
1349,1201,20,Low
3072,17638,22,Medium
4069,18827,23,High
348,17357,6,Medium
4844,6166,20,Medium
148,14369,14,Medium
1310,17775,14,Medium
3415,1470,12,Low
2921,18272,8,High
3747,250,9,Low
1459,3341,0,Low
2518,4702,14,Low
293,16433,4,Medium
1365,1838,10,Low
1581,1381,13,Low
4037,15684,18,Medium
1648,15753,3,Medium
2064,10462,14,Medium
1521,16278,1,Medium
204,13159,8,Medium
4322,10549,0,Medium
3725,16378,6,Medium
2945,11369,23,Medium
1983,5023,17,Low
486,11235,8,Medium
644,7681,4,Low
2337,13190,23,Medium
2994,10703,7,Medium
1719,4421,21,Low
1938,7701,9,Medium
2912,5969,21,Low
4704,6803,19,Medium
1336,7258,21,Low
2790,19358,17,High
4310,8962,12,Medium
2324,3434,19,Low
3454,7899,4,Medium
3665,2088,18,Low
1054,13846,15,Medium
4232,5278,13,Low
2530,16727,13,Medium
4607,6181,20,Medium
715,9020,0,Medium
223,6944,19,Low
3125,7133,6,Medium
3214,2351,22,Low
3879,145,19,Low
1518,3870,16,Low
1581,2834,21,Low
4062,10353,10,Medium
2262,12552,19,Medium
4025,15528,13,Medium
3655,7364,18,Medium
3829,11157,8,Medium
2274,6612,2,Low
1928,9633,18,Medium
3545,18103,16,High
2682,14437,19,Medium
4604,8689,4,Medium
759,6432,15,Low
2266,6226,16,Low
4579,15864,10,Medium
1237,7276,20,Low
3147,4105,14,Low
4026,10822,14,Medium
3361,2038,20,Low
4398,18853,23,High
1682,17943,10,Medium
1161,16128,0,Medium
4070,19161,14,High
3395,6696,9,Medium
486,19709,14,High
3694,19589,19,High
3349,4511,13,Low
2905,7525,21,Medium
4410,10091,3,Medium
3274,8107,12,Medium
4469,5004,19,Low
2252,16135,17,Medium
108,4515,8,Low
1837,1077,8,Low
4508,4136,11,Low
2057,6381,9,Low
452,3480,11,Low
305,12239,8,Medium
952,10013,10,Medium
3406,5686,6,Low
3770,8989,18,Medium
3962,5706,8,Medium
2454,297,17,Low
2276,19193,16,High
2428,7880,5,Medium
4704,18588,10,High
2969,14844,0,Medium
2035,4583,17,Low
4351,15609,14,Medium
1294,15719,7,Medium
1528,1852,5,Low
368,19018,11,Medium
3316,2227,19,Low
2888,1240,9,Low
4193,5088,3,Low
909,15653,1,Medium
2716,6789,16,Medium
2182,13636,8,Medium
3983,19406,1,High
4929,7312,4,Medium
4262,1768,9,Low
2522,18652,15,High
3808,4205,22,Low
1793,16318,19,Medium
2936,11114,10,Medium
824,1003,0,Low
2860,14916,1,Medium
249,8534,13,Medium
4981,12666,11,Medium
3445,4241,5,Low
430,11452,20,Medium
2822,18734,10,High
3659,15574,10,Medium
513,9708,15,Medium
672,5521,21,Low
2517,5639,4,Low
1644,6043,19,Low
2183,2024,5,Low
3717,4048,0,Low
1272,168,14,Low
1362,9603,12,Medium
4781,10377,19,Medium
4720,10083,20,Medium
2732,4515,7,Low
2272,4056,3,Low
4724,10426,1,Medium
511,17285,23,Medium
3076,16566,7,Medium
145,17539,2,Medium
3530,6694,19,Medium
2776,16072,9,Medium
1304,3178,4,Low
2307,17820,6,Medium
1516,13318,10,Medium
1357,19023,16,Medium
4990,7814,20,Medium
1205,13163,18,Medium
3758,7704,13,Medium
2844,3632,14,Low
3865,7269,22,Medium
4823,18361,2,High
4774,7527,5,Medium
1734,9100,8,Medium
3051,10530,6,Medium
336,6032,7,Low
923,7568,20,Low
2268,9570,16,Medium
143,6082,17,Low
443,10032,4,Medium
3080,3678,23,Low
2254,12225,3,Medium
640,11064,17,Medium
3773,6269,15,Medium
1677,9016,17,Medium
3591,18966,8,High
842,9577,19,Medium
1354,4604,2,Low
1528,5523,13,Low
4604,3465,11,Low
2320,2727,7,Low
956,4619,6,Low
1974,15099,10,Medium
3104,14285,20,Medium
1698,16484,11,Medium
673,331,23,Low
1747,16959,13,Medium
899,11002,1,Medium
3479,9255,7,Medium
596,5580,12,Low
2980,4983,11,Low
628,7023,2,Low
740,6337,18,Low
3919,5007,23,Low
867,4433,18,Low
3693,10740,17,Medium
2111,2993,8,Low
3757,14558,17,Medium
2752,12441,15,Medium
1558,13714,14,Medium
4248,1554,5,Low
1506,8837,11,Medium
4942,17665,10,High
4647,8095,10,Medium
2755,13597,17,Medium
2651,5682,1,Low
318,16788,17,Medium
668,8829,16,Medium
4765,13560,4,Medium
4955,604,17,Low
4685,9963,13,Medium
2463,12527,3,Medium
3165,15369,4,Medium
4566,14977,15,Medium
455,18545,21,Medium
3055,18593,10,High
4169,753,1,Low
3701,1053,1,Low
2810,5294,20,Low
910,1908,15,Low
1724,19593,9,High
4081,9714,18,Medium
2326,7108,15,Medium
651,6046,12,Low
3153,17144,13,Medium
2165,13797,21,Medium
1966,9806,5,Medium
3598,15089,23,Medium
2175,15642,11,Medium
1316,262,5,Low
2104,13306,10,Medium
945,8625,23,Medium
2023,8656,15,Medium
2311,3620,14,Low
1334,16381,7,Medium
3472,200,10,Low
568,2749,5,Low
4856,4262,14,Low
4355,774,15,Low
1383,7041,19,Low
4481,19685,6,High
4290,14597,0,Medium
132,6054,14,Low
3813,8085,21,Medium
2207,3141,6,Low
1001,3045,6,Low
2113,15168,9,Medium
2516,11416,0,Medium
4077,1795,13,Low
1169,10777,20,Medium
3001,1948,13,Low
3657,7475,17,Medium
4191,12330,4,Medium
1225,13320,7,Medium
3754,12776,20,Medium
4410,7969,5,Medium
2657,19421,20,High
2931,17598,5,Medium
2258,4551,5,Low
3444,1297,0,Low
4159,14805,19,Medium
3776,17939,15,High
1931,6038,3,Low
1851,14436,13,Medium
3384,7130,10,Medium
313,9102,21,Medium
1072,732,7,Low
953,19496,10,High
4738,8278,19,Medium
4572,8053,9,Medium
3438,15564,20,Medium
968,15192,14,Medium
4883,5786,11,Medium
3671,13261,7,Medium
1258,10697,10,Medium
2776,702,21,Low
311,16078,9,Medium
4439,2634,11,Low
2157,17459,20,Medium
4315,17549,22,High
4159,9952,12,Medium
1835,6219,21,Low
2918,3857,19,Low
2762,10488,16,Medium
2567,11109,21,Medium
1224,2584,17,Low
2887,6397,16,Low
2969,8751,6,Medium
3720,9417,3,Medium
3502,14623,1,Medium
1753,9166,9,Medium
3362,19544,14,High
2884,7548,3,Medium
3703,15291,15,Medium
3062,10475,20,Medium
3139,14653,20,Medium
3296,6930,16,Medium
1559,6001,0,Low
3134,10334,3,Medium
2822,12078,8,Medium
3996,11552,21,Medium
1565,14577,1,Medium
1734,11656,1,Medium
4105,16363,0,Medium
396,2190,1,Low
4245,4833,1,Low
1147,10061,14,Medium
2227,15697,4,Medium
4089,17240,19,Medium
194,13739,20,Medium
4351,3169,1,Low
3442,5322,11,Low
3635,9481,18,Medium
684,4105,15,Low
4442,12319,20,Medium
3293,5698,13,Low
3350,13377,20,Medium
2025,716,14,Low
1148,975,3,Low
1588,3248,17,Low
1396,15396,17,Medium
4213,4045,15,Low
2799,1757,22,Low
2134,18641,15,High
1582,14130,8,Medium
4264,10695,20,Medium
3255,9972,7,Medium
2613,15479,18,Medium
3794,13062,12,Medium
3281,11841,12,Medium
1410,15362,14,Medium
587,4719,14,Low
3499,16772,12,Medium
226,7511,14,Low
2660,9924,10,Medium
4182,4988,6,Low
2794,14543,23,Medium
486,2495,8,Low
909,4096,8,Low
3704,6368,16,Medium
2445,1854,6,Low
4696,7735,10,Medium
4193,18535,3,High
760,9993,5,Medium
1865,17049,17,Medium
4881,10850,9,Medium
2779,4996,6,Low
2571,10423,15,Medium
1530,2975,2,Low
1985,11864,22,Medium
4849,7159,14,Medium
1705,19238,0,High
1519,9200,9,Medium
3889,296,9,Low
2611,4224,4,Low
4174,753,16,Low
3429,19666,17,High
1534,5083,12,Low
2181,2782,20,Low
735,18458,14,Medium
2505,1741,8,Low
4981,12139,18,Medium
1338,5984,4,Low
3564,11036,16,Medium
963,17180,20,Medium
1138,14267,14,Medium
3681,8530,0,Medium
1128,14072,1,Medium
4270,19787,12,High
468,4410,1,Low
4189,12088,2,Medium
1659,12140,23,Medium
1075,14016,4,Medium
2190,4449,9,Low
1331,17800,8,Medium
3596,17044,11,Medium
775,6404,20,Low
4449,17994,0,High
3829,5119,19,Low
3912,8269,21,Medium
2568,19458,19,High
2358,11555,22,Medium
3695,262,17,Low
3579,18396,3,High
2009,15684,17,Medium
1453,6617,2,Low
2767,10153,17,Medium
3185,4053,18,Low
3441,7886,7,Medium
1597,12055,3,Medium
3959,12973,17,Medium
2459,5665,7,Low
3014,18024,19,High
1873,10185,6,Medium
342,1589,0,Low
4569,7862,10,Medium
730,6813,5,Low
649,18793,5,Medium
4745,8887,8,Medium
635,11089,6,Medium
332,19140,12,Medium
4328,14262,0,Medium
3656,7054,19,Medium
224,12830,2,Medium
3572,15896,8,Medium
1908,11251,2,Medium
1653,8946,23,Medium
2015,8973,10,Medium
2449,504,14,Low
285,2469,22,Low
1388,10474,19,Medium
1727,4327,10,Low
2342,14976,23,Medium
1546,15853,3,Medium
4250,11299,2,Medium
3939,14490,18,Medium
1100,10039,22,Medium
3196,19565,23,High
4525,16738,9,Medium
2425,8629,21,Medium
2171,15227,22,Medium
1453,7585,6,Medium
1456,14716,1,Medium
3157,11941,1,Medium
4791,2891,19,Low
567,6734,18,Low
956,19544,13,High
1671,12109,13,Medium
2275,9787,23,Medium
1322,3672,2,Low
2553,10259,4,Medium
1092,1240,4,Low
3670,17338,16,Medium
4072,6200,3,Medium
3368,17146,17,Medium
1786,15274,2,Medium
114,3946,12,Low
160,9906,23,Medium
1630,18208,9,Medium
2609,19714,2,High
3787,4160,21,Low
1013,6290,4,Low
2085,18235,15,Medium
4003,14650,16,Medium
1954,6994,12,Low
422,5226,20,Low
392,8373,18,Medium
4372,8196,14,Medium
1003,660,3,Low
3588,15987,8,Medium
592,4554,15,Low
1180,13588,0,Medium
2965,6453,8,Medium
2621,9196,4,Medium
639,17179,7,Medium
1199,2802,16,Low
4367,10304,19,Medium
4907,19472,11,High
2355,1513,19,Low
2400,13056,5,Medium
655,14505,3,Medium
353,8750,20,Medium
1645,19405,4,High
2505,10931,21,Medium
4153,14264,13,Medium
4712,16678,14,Medium
1166,18932,10,Medium
2769,6926,9,Medium
665,15295,10,Medium
1175,4213,21,Low
3715,15199,23,Medium
700,19385,18,Medium
2291,8124,1,Medium
524,12899,22,Medium
4410,14347,19,Medium
1471,14215,11,Medium
2424,19254,6,High
4489,18218,6,High
4990,9459,5,Medium
4948,2296,16,Low
562,14147,15,Medium
1449,7350,5,Low
1838,11070,18,Medium
2015,2288,2,Low
2105,14917,15,Medium
4188,7518,22,Medium
2233,4916,20,Low
2526,3191,15,Low
2311,4143,20,Low
1307,6094,8,Low
3558,14477,6,Medium
3372,15610,4,Medium
3636,17275,4,Medium
958,18108,6,Medium
1513,16255,10,Medium
418,18695,11,Medium
1193,8179,5,Medium
4196,17296,1,High
2632,15912,14,Medium
2191,3962,15,Low
1600,6961,2,Low
1000,3083,18,Low
3616,9287,0,Medium
1630,17089,22,Medium
355,3655,17,Low
1264,4749,18,Low
4629,16351,0,Medium
656,8926,9,Medium
3796,16169,3,Medium
4349,13124,23,Medium
3199,17853,3,Medium
3250,17142,18,Medium
774,12701,22,Medium
512,6094,6,Low
189,5676,11,Low
4250,17535,17,High
1454,6854,10,Low
4108,6938,4,Medium
1642,17503,4,Medium
3338,6109,6,Medium
3362,184,5,Low
3402,1163,21,Low
1054,16922,3,Medium
187,7810,12,Low
778,14420,4,Medium
4339,3637,19,Low
4193,3369,13,Low
3142,18667,3,High
2317,2921,20,Low
2229,8530,10,Medium
3534,8454,3,Medium
504,10310,21,Medium
2604,10121,12,Medium
3524,8876,14,Medium
2468,16256,19,Medium
583,12588,8,Medium
1577,3307,14,Low
4175,8371,7,Medium
4556,19321,22,High
4164,18604,17,High
556,8847,2,Medium
4912,7435,9,Medium
2445,14521,10,Medium
1685,16610,21,Medium
1413,1528,11,Low
1062,9266,10,Medium
3305,6353,10,Medium
2799,5808,8,Low
3809,3057,19,Low
1296,11650,23,Medium
2955,4379,16,Low
705,11844,14,Medium
3348,18701,11,High
2635,17119,0,Medium
1064,15420,8,Medium
1399,7414,12,Medium
635,15165,2,Medium
4225,16899,5,Medium
1041,15399,14,Medium
4256,3204,2,Low
2541,12373,5,Medium
2343,7038,18,Medium
876,19520,19,High
2654,18390,13,High
2973,12305,6,Medium
2695,13480,10,Medium
4336,3440,21,Low
4213,18858,14,High
4673,17700,13,High
1079,9290,19,Medium
1959,4731,14,Low
2093,6465,3,Low
3032,17001,2,Medium
1648,7398,12,Medium
4205,10556,3,Medium
3547,8301,14,Medium
4659,8563,5,Medium
4666,1682,8,Low
2898,1320,12,Low
3794,1079,17,Low
156,17514,23,Medium
3967,1351,22,Low
4437,3420,5,Low
683,9338,1,Medium
2105,17657,8,Medium
2429,12651,8,Medium
4398,8751,7,Medium
2131,17899,0,Medium
1483,15244,6,Medium
1462,14992,23,Medium
3150,19265,16,High
1023,17141,8,Medium
251,3013,19,Low
3871,11020,7,Medium
2706,3884,3,Low
4724,11106,10,Medium
3513,8125,23,Medium
3828,4403,2,Low
2356,18064,0,Medium
3947,9188,8,Medium
4011,1045,2,Low
2618,5587,21,Low
2561,772,17,Low
2158,16745,15,Medium
4013,10191,11,Medium
262,17971,22,Medium
4094,3100,7,Low
2534,17110,3,Medium
2030,9980,23,Medium
375,3686,2,Low
467,14781,22,Medium
206,17587,3,Medium
919,14870,17,Medium
3997,6794,13,Medium
867,4698,1,Low
4718,12641,19,Medium
3070,5901,4,Low
2619,5162,0,Low
3478,16438,3,Medium
3174,11324,12,Medium
1050,11049,11,Medium
496,8352,19,Medium
4830,11779,16,Medium
1382,8740,21,Medium
1857,2788,23,Low
755,7862,6,Medium
324,2386,18,Low
1001,10722,23,Medium
1441,6696,22,Low
1261,5981,15,Low
4766,18387,22,High
4466,7320,11,Medium
808,14075,3,Medium
3606,11214,21,Medium
1263,14564,8,Medium
4021,12030,15,Medium
599,13769,0,Medium
325,13195,4,Medium
3874,8686,21,Medium
907,19672,11,High
3303,18510,13,High
4768,1529,21,Low
4147,9424,0,Medium
472,8177,5,Medium
2995,15184,2,Medium
2344,17195,12,Medium
3368,8842,21,Medium
133,14174,0,Medium
4479,8408,5,Medium
3893,15150,3,Medium
4719,205,20,Low
4717,12139,1,Medium
4113,539,10,Low
4744,17219,10,High
2099,5416,18,Low
2136,13254,12,Medium
154,2550,8,Low
2110,15471,22,Medium
3164,13562,0,Medium
1348,18464,14,Medium
3400,13318,20,Medium
1478,5132,15,Low
759,19687,14,High
517,9784,4,Medium
2628,2231,23,Low
3586,18279,2,High
532,4222,13,Low
3053,4567,18,Low
2660,4289,16,Low
3768,484,8,Low
2097,19984,3,High
1878,752,6,Low
592,4603,17,Low
4753,17765,8,High
2650,16693,12,Medium
3119,12934,15,Medium
2427,7142,14,Medium
4053,7981,23,Medium
2512,422,2,Low
3250,13525,13,Medium
4741,16891,15,High
694,5612,18,Low
4797,3912,19,Low
1379,13508,16,Medium
2049,8426,18,Medium
2673,5497,4,Low
2130,18125,18,Medium
2862,5839,17,Low
3168,9968,17,Medium
1976,19258,7,High
1228,14791,19,Medium
4124,4071,23,Low
4015,17822,0,High
495,5929,9,Low
104,13025,19,Medium
2600,4352,20,Low
3101,9293,18,Medium
436,16981,21,Medium
1729,3699,7,Low
3850,9322,21,Medium
1128,13488,17,Medium
2187,7485,10,Medium
619,19090,8,Medium
2405,18262,17,Medium
1697,13942,8,Medium
1249,3834,18,Low
1719,17789,23,Medium
630,432,20,Low
3897,17809,18,High
2724,17955,14,Medium
4106,9052,17,Medium
3725,15022,15,Medium
1314,19348,10,High
3434,3742,5,Low
3767,1156,17,Low
3216,17712,10,Medium
4433,16345,21,Medium
4239,3600,12,Low
1931,6446,4,Low
886,19546,1,High
383,16346,7,Medium
1822,10018,20,Medium
2819,7448,9,Medium
827,12388,10,Medium
3677,16052,7,Medium
3357,12005,20,Medium
877,7109,9,Low
3268,5375,1,Low
3472,17297,18,Medium
4570,18674,17,High
538,4681,18,Low
3134,3145,7,Low
4076,13427,2,Medium
618,650,7,Low
1543,15828,10,Medium
3244,11991,0,Medium
3128,3781,6,Low
3685,7711,5,Medium
3577,19350,2,High
4820,9567,23,Medium
2016,4718,7,Low
2739,15319,22,Medium
1211,17479,8,Medium
2762,6758,18,Medium
1805,855,5,Low
255,4543,8,Low
529,9723,0,Medium
1848,12795,9,Medium
3653,6600,11,Medium
1868,1410,0,Low
4776,4164,3,Low
2120,12713,20,Medium
3677,6600,19,Medium
922,962,21,Low
4297,19258,13,High
1543,16551,23,Medium
3897,12754,13,Medium
1429,14251,7,Medium
1450,17117,9,Medium
2665,3276,9,Low
3103,8053,12,Medium
3939,14951,0,Medium
2722,15776,0,Medium
4361,5832,21,Medium
3015,5917,22,Low
746,1763,16,Low
3645,3518,17,Low
1288,6546,9,Low
4667,938,23,Low
254,14121,20,Medium
4321,3788,13,Low
2922,7377,14,Medium
3431,11397,3,Medium
1694,347,7,Low
1651,18864,23,Medium
2242,1303,0,Low
309,15812,14,Medium
1270,12727,22,Medium
2423,10445,3,Medium
4752,2122,21,Low
4440,6253,7,Medium
3970,4935,6,Low
2701,19419,9,High
418,17999,3,Medium
1067,18046,8,Medium
2441,17255,6,Medium
4507,13192,2,Medium
4297,8088,15,Medium
3939,7996,19,Medium
1115,3938,8,Low
2969,11238,16,Medium
2361,12792,5,Medium
643,9936,23,Medium
3172,7094,23,Medium
3633,19108,19,High
2203,14435,5,Medium
1494,8108,17,Medium
1137,4650,23,Low
3367,13875,4,Medium
193,4130,20,Low
2675,4908,14,Low
2369,16050,10,Medium
3834,8740,23,Medium
4743,9049,10,Medium
320,12214,4,Medium
1625,14188,9,Medium
566,11815,2,Medium
2759,17012,5,Medium
3755,7044,6,Medium
4309,7217,9,Medium
4556,324,17,Low
3716,10209,7,Medium
1306,197,7,Low
3678,15520,0,Medium
292,15614,12,Medium
1431,7371,7,Low
1395,633,18,Low
4678,4365,17,Low
282,11828,1,Medium
2920,7330,20,Medium
3445,9838,6,Medium
4884,18511,18,High
2965,545,18,Low
3939,14751,20,Medium
4809,10384,12,Medium
4363,17108,12,High
1368,8071,1,Medium
1017,6056,21,Low
2050,14675,14,Medium
4614,16487,14,Medium
2816,870,5,Low
4088,4278,19,Low
2324,15952,19,Medium
3256,8635,11,Medium
2349,12732,17,Medium
928,6393,21,Low
284,3934,6,Low
487,17095,8,Medium
305,16529,11,Medium
4835,4113,6,Low
917,19779,10,High
691,3160,1,Low
2760,3071,16,Low
2627,18524,12,High
3382,11818,14,Medium
1647,10127,16,Medium
4325,2134,10,Low
1416,1140,2,Low
4019,16454,3,Medium
225,7827,9,Low
2294,670,22,Low
1771,12965,17,Medium
3697,7721,23,Medium
2831,6631,4,Medium
3156,9696,2,Medium
4997,1729,23,Low
3679,19572,10,High
3975,18148,12,High
4642,15918,12,Medium
4539,3828,17,Low
4818,19602,8,High
921,1635,14,Low
4785,10149,10,Medium
3576,8735,7,Medium
4994,6566,19,Medium
4546,14142,7,Medium
4592,11194,17,Medium
1192,7033,1,Low
2092,8291,6,Medium
3132,5936,16,Low
3193,8045,12,Medium
2333,11029,23,Medium
2085,10303,12,Medium
3438,9103,12,Medium
2980,8224,10,Medium
4030,8034,11,Medium
2915,19452,6,High
441,1487,8,Low
2391,5956,11,Low
1425,3068,17,Low
968,9938,14,Medium
3882,11757,4,Medium
2933,18107,12,High
2259,18456,19,Medium
4320,19272,3,High
3540,10205,14,Medium
4956,10483,12,Medium
3835,436,23,Low
4593,15094,1,Medium
4724,15067,13,Medium
684,15643,15,Medium
2231,11898,3,Medium
4003,10290,22,Medium
1593,3763,4,Low
3688,18484,20,High
3639,7498,4,Medium
200,6050,18,Low
1083,3196,18,Low
2257,15866,3,Medium
4914,4359,2,Low
3486,3594,2,Low
4324,15297,13,Medium
344,18502,12,Medium
1349,13285,23,Medium
3913,17096,16,Medium
1744,3628,7,Low
2299,6554,16,Low
2971,6134,15,Low
4302,536,4,Low
3818,8200,11,Medium
2729,11184,3,Medium
762,14571,17,Medium
1722,6022,5,Low
4166,19343,9,High
1387,7521,5,Medium
2194,14298,15,Medium
102,14966,11,Medium
2940,4056,5,Low
4810,19897,4,High
4383,13689,19,Medium
3398,19735,3,High
1676,14115,16,Medium
3326,12208,6,Medium
660,12658,2,Medium
894,14802,12,Medium
4351,9061,3,Medium
4273,16539,3,Medium
3607,13718,11,Medium
3078,4149,2,Low
1364,265,14,Low
4983,19086,21,High
3462,5209,5,Low
3433,16830,2,Medium
4254,18595,20,High
2975,11479,23,Medium
2476,13550,19,Medium
2961,3049,23,Low
476,18624,7,Medium
3710,7440,6,Medium
4167,15635,21,Medium
1142,1135,6,Low
4396,1292,16,Low
1701,5480,22,Low
412,17232,3,Medium
1941,1131,15,Low
1973,19035,3,High
1842,14095,18,Medium
3908,12052,19,Medium
4900,11318,6,Medium
3062,2151,8,Low
1376,18405,21,Medium
4751,4277,3,Low
934,11565,21,Medium
3917,14865,19,Medium
780,5765,15,Low
1977,1028,20,Low
1041,5605,4,Low
465,17672,1,Medium
1597,11846,12,Medium
846,6352,20,Low
914,2753,7,Low
4412,16693,13,Medium
2948,17384,6,Medium
805,16968,7,Medium
2167,18217,4,Medium
522,14448,16,Medium
4127,5688,2,Medium
1599,3867,9,Low
3299,18674,13,High
1843,10484,6,Medium
1160,4426,17,Low
4607,837,20,Low
1942,14111,7,Medium
483,18287,17,Medium
4919,355,15,Low
2613,18881,11,High
2358,13054,6,Medium
657,5081,14,Low
3700,6468,13,Medium
4893,5453,6,Medium
2967,7740,13,Medium
376,9162,9,Medium
1945,582,9,Low
4044,8523,10,Medium
1131,18320,18,Medium
2053,12080,20,Medium
827,1363,3,Low
4460,8222,3,Medium
1283,14066,11,Medium
630,16026,22,Medium
4319,165,23,Low
3508,18877,11,High
2638,8138,16,Medium
4795,4371,8,Low
3568,7955,7,Medium
2122,9788,8,Medium
1275,19298,5,High
790,1085,3,Low
4040,3022,18,Low
2488,16953,6,Medium
798,3951,21,Low
1077,4944,1,Low
1237,7221,11,Low
4354,12846,13,Medium
1062,5463,23,Low
1304,14941,18,Medium
2472,14668,21,Medium
491,11589,22,Medium
641,15357,23,Medium
2339,5700,19,Low
4453,16082,9,Medium
369,12248,2,Medium
4858,14624,20,Medium
3627,9022,5,Medium
4411,14143,5,Medium
4048,18434,4,High
645,3439,15,Low
2584,18270,17,Medium
2413,14679,20,Medium
4101,13265,17,Medium
3539,3522,17,Low
4914,15407,15,Medium
4758,12760,3,Medium
1707,10936,3,Medium
1491,8149,8,Medium
741,6592,19,Low
2227,7605,22,Medium
1602,3874,13,Low
1498,9873,8,Medium
3899,15222,1,Medium
2809,11200,7,Medium
3685,17505,12,Medium
284,2998,14,Low
3645,2016,22,Low
2200,3683,15,Low
1194,10956,9,Medium
2190,18733,21,High
4879,18782,6,High
1526,1798,8,Low
4811,2672,14,Low
446,163,1,Low
3909,18900,10,High
655,14279,14,Medium
716,14284,13,Medium
4006,16703,21,Medium
2327,11935,16,Medium
4997,9562,7,Medium
2188,13451,23,Medium
2660,5475,12,Low
519,10552,13,Medium
150,208,23,Low
4075,14216,0,Medium
3724,9651,15,Medium
4043,15768,19,Medium
4857,18021,22,High
2568,17467,11,Medium
855,2753,12,Low
1614,13435,11,Medium
3012,15223,15,Medium
1219,4258,8,Low
2541,16704,20,Medium
2928,8589,7,Medium
2870,1160,16,Low
4661,5587,16,Medium
174,4072,0,Low
1588,9976,16,Medium
2215,13276,5,Medium
4846,5803,17,Medium
1015,18645,7,Medium
3552,14464,4,Medium
114,10077,4,Medium
3576,1276,3,Low
3464,2482,16,Low
1229,14116,4,Medium
3816,3115,13,Low
3284,15101,15,Medium
577,7969,20,Medium
2315,13641,7,Medium
4264,7569,14,Medium
4398,12685,4,Medium
3992,13692,14,Medium
3208,14350,6,Medium
2833,2812,21,Low
1653,881,5,Low
1391,2049,17,Low
3169,2503,3,Low
4587,735,0,Low
2093,7623,11,Medium
1830,2432,2,Low
4744,11095,4,Medium
4377,19438,23,High
3514,553,2,Low
2671,19679,0,High
1334,18273,7,Medium
1364,13599,2,Medium
2338,7281,12,Medium
875,11972,22,Medium
1183,15363,14,Medium
1785,4868,2,Low
1169,3717,5,Low
3036,19343,17,High
2056,2694,23,Low
1635,19823,4,High
4098,9004,12,Medium
4812,8343,23,Medium
2539,8930,23,Medium
2316,19674,6,High
4739,13200,0,Medium
3738,18337,7,High
3094,19763,2,High
3052,12204,8,Medium
910,7933,0,Medium
883,15546,2,Medium
4687,10870,15,Medium
3031,7594,11,Medium
4517,2008,0,Low
4797,15640,4,Medium
3587,1717,13,Low
1387,16146,10,Medium
4759,11089,11,Medium
660,19479,0,Medium
4728,12671,7,Medium
2547,12489,17,Medium
1079,9009,10,Medium
306,13066,7,Medium
760,3432,23,Low
2288,12371,16,Medium
1455,2314,7,Low
3935,13074,22,Medium
3400,19290,2,High
4817,7309,11,Medium
4040,9565,0,Medium
1471,14923,7,Medium
4657,17730,3,High
1298,13439,8,Medium
2672,12193,7,Medium
2417,5054,22,Low
772,9595,18,Medium
2776,8399,6,Medium
532,1314,7,Low
2208,6814,8,Low
215,6931,15,Low
1115,16667,20,Medium
3280,9070,23,Medium
4290,15285,22,Medium
3709,12092,2,Medium
3843,13671,6,Medium
2916,2979,19,Low
3189,7922,2,Medium
1743,16208,8,Medium
2006,626,16,Low
3093,12012,23,Medium
1790,14637,7,Medium
836,4434,21,Low
3161,15556,0,Medium
4179,11973,8,Medium
1546,19363,16,High
891,15210,21,Medium
2049,9078,16,Medium
1616,7301,12,Medium
3891,10418,5,Medium
1506,9948,15,Medium
888,9102,2,Medium
4087,7687,11,Medium
1127,17023,16,Medium
400,15533,19,Medium
3144,16928,12,Medium
3457,411,5,Low
301,6744,10,Low
1695,10148,1,Medium
151,9394,9,Medium
4671,15825,10,Medium
4227,19980,1,High
4312,749,23,Low
2588,9193,18,Medium
3392,5907,18,Low
3017,2067,10,Low
1794,14973,12,Medium
2667,2535,7,Low
3069,15743,20,Medium
934,14853,7,Medium
3740,11894,10,Medium
3799,11822,21,Medium
2910,15184,19,Medium
540,10612,15,Medium
4806,11964,12,Medium
4582,1911,0,Low
2517,3486,18,Low
2456,1987,13,Low
2303,8614,8,Medium
3295,206,3,Low
1644,8866,17,Medium
4138,2895,21,Low
3133,9150,0,Medium
1673,14335,11,Medium
1812,9191,18,Medium
2038,5278,16,Low
866,13748,18,Medium
355,7307,2,Low
1400,16943,5,Medium
4493,14793,14,Medium
1207,1256,18,Low
344,18404,18,Medium
2465,3890,4,Low
3026,12824,23,Medium
4248,7214,11,Medium
3732,19794,18,High
4943,14354,21,Medium
1699,11286,9,Medium
162,19655,21,Medium
3378,18621,6,High
3071,15165,19,Medium
3606,9685,7,Medium
4487,17646,4,High
4901,14870,21,Medium
737,3443,15,Low
966,18259,11,Medium
4274,17012,7,Medium
3217,17145,12,Medium
988,7508,5,Low
2344,13756,17,Medium
2491,6943,21,Medium
2712,11765,16,Medium
903,13968,2,Medium
686,18884,20,Medium
2559,17412,21,Medium
3277,18180,0,High
3469,6072,7,Medium
3094,3535,21,Low
4093,13863,20,Medium
954,597,2,Low
2205,18801,13,High
3992,11998,2,Medium
4336,12484,23,Medium
2406,5506,9,Low
2907,19269,20,High
3312,7299,9,Medium
4027,17643,4,High
3763,8096,23,Medium
3411,5899,17,Low
3838,10817,12,Medium
3350,9149,9,Medium
4743,3884,13,Low
3880,6264,20,Medium
3337,332,18,Low
1163,612,18,Low
4960,12049,13,Medium
709,3408,5,Low
3959,17739,12,High
3813,4313,9,Low
1296,15220,12,Medium
163,2010,14,Low
1131,11895,10,Medium
4962,3122,6,Low
3681,9790,9,Medium
4114,1789,0,Low
2214,4139,0,Low
3502,1905,0,Low
316,6274,23,Low
4765,6766,20,Medium
3640,17062,1,Medium
4264,9543,13,Medium
3091,6943,10,Medium
4328,19065,5,High
3985,14773,18,Medium
1851,11436,16,Medium
4871,10475,19,Medium
485,10215,6,Medium
3238,6306,14,Medium
1843,16413,13,Medium
1183,1637,19,Low
4078,9717,10,Medium
2328,17264,16,Medium
244,13736,8,Medium
2931,19424,5,High
2889,6026,6,Low
4661,7938,22,Medium
531,18872,21,Medium
1681,8738,1,Medium
903,14056,6,Medium
2932,17860,19,Medium
4820,8901,14,Medium
1530,4838,20,Low
2362,3916,15,Low
4073,17397,5,High
1518,10815,20,Medium
3341,18493,21,High
4332,12228,0,Medium
3756,15964,12,Medium
1307,15380,1,Medium
800,15143,13,Medium
928,15926,7,Medium
742,5550,17,Low
4784,5746,18,Medium
4614,6220,2,Medium
1540,13083,20,Medium
1390,12813,23,Medium
1176,7839,9,Medium
3927,12619,11,Medium
3379,16532,11,Medium
3604,16313,17,Medium
4151,11644,20,Medium
1560,15136,5,Medium
4113,17872,0,High
2814,4774,23,Low
126,5505,3,Low
350,14154,13,Medium
2211,19522,11,High
3004,10486,8,Medium
4290,4177,8,Low
1653,7253,17,Medium
2408,16239,1,Medium
479,14074,3,Medium
2653,1853,1,Low
1227,141,9,Low
122,15900,4,Medium
4750,17855,8,High
363,13342,12,Medium
3027,11068,1,Medium
3792,150,1,Low
2344,2947,15,Low
1013,15765,5,Medium
3285,17970,22,High
3264,13219,21,Medium
4346,4104,2,Low
1152,12059,13,Medium
3109,13502,0,Medium
3947,9486,17,Medium
3308,794,1,Low
4792,1100,7,Low
3527,6767,12,Medium
2113,4115,12,Low
3742,4710,5,Low
3275,4475,15,Low
795,12637,5,Medium
1374,712,17,Low
1834,19236,19,High
2398,18176,6,Medium
3998,15835,3,Medium
4349,346,8,Low
946,1859,2,Low
4029,9522,17,Medium
3843,13664,12,Medium
353,6377,10,Low
3231,2832,1,Low
1173,4559,2,Low
1646,17434,2,Medium
4562,13470,17,Medium
753,11534,12,Medium
480,4981,4,Low
1956,4207,14,Low
3821,15316,11,Medium
1604,10655,8,Medium
815,18514,0,Medium
2532,15669,18,Medium
1435,4080,9,Low
3133,11177,5,Medium
4853,6965,19,Medium
3099,18207,23,High
2071,5759,23,Low
1912,18551,15,Medium
4823,4888,6,Low
2206,12219,4,Medium
997,10922,1,Medium
1764,16141,7,Medium
1840,2642,3,Low
3380,4563,23,Low
3348,1550,18,Low
2100,5782,6,Low
3483,274,17,Low
4245,14676,22,Medium
3129,14423,10,Medium
3966,8768,10,Medium
2806,6738,5,Medium
3881,4442,15,Low
748,7028,5,Low
3707,10402,0,Medium
4401,5141,23,Low
1539,10410,11,Medium
2711,15695,0,Medium
4736,2100,18,Low
2579,5471,22,Low
1925,13642,1,Medium
2048,1304,7,Low
2969,17838,3,Medium
1152,12363,22,Medium
3120,9405,20,Medium
2849,19572,14,High
4140,9013,23,Medium
4115,6557,14,Medium
295,1588,17,Low
658,16383,2,Medium
3570,195,4,Low
3035,9475,0,Medium
2349,1744,12,Low
4362,3704,5,Low
3168,3583,9,Low
4530,14246,14,Medium
571,14180,14,Medium
4520,8544,13,Medium
587,2812,10,Low
1577,2591,19,Low
4294,15048,7,Medium
4383,11209,20,Medium
2624,19319,21,High
3696,1420,5,Low
209,1470,3,Low
1254,12333,12,Medium
343,15695,1,Medium
3124,5431,19,Low
3350,18822,2,High
1008,2650,5,Low
645,8588,16,Medium
4118,7886,22,Medium
398,6940,2,Low
4476,1452,23,Low
4535,14614,6,Medium
3096,14034,6,Medium
2096,9144,13,Medium
4971,9085,15,Medium
3657,6910,9,Medium
2417,19124,21,High
4637,6502,3,Medium
2566,5638,21,Low
3723,11330,7,Medium
4888,18504,20,High
4937,18768,19,High
4188,19699,5,High
2804,10913,16,Medium
4524,13317,18,Medium
4994,13827,15,Medium
4655,4247,12,Low
506,15831,16,Medium
1300,5898,19,Low
4562,5144,0,Low
4876,18708,22,High
3234,10336,12,Medium
321,17613,22,Medium
3222,14755,7,Medium
4143,11830,4,Medium
3426,848,2,Low
1663,18010,6,Medium
3339,643,11,Low
4618,11439,0,Medium
4349,11582,7,Medium
2966,11538,22,Medium
3694,1117,6,Low
1652,321,4,Low
2855,11408,0,Medium
1833,10011,5,Medium
4880,8416,18,Medium
4981,11475,19,Medium
1665,2322,14,Low
2570,12542,7,Medium
2202,1491,7,Low
4778,13253,5,Medium
3444,18643,5,High
448,12045,0,Medium
4585,4474,6,Low
645,836,6,Low
348,1749,10,Low
2005,18881,13,High
209,6451,3,Low
1929,13606,15,Medium
345,1514,16,Low
373,14809,11,Medium
4898,3697,17,Low
2842,11940,7,Medium
884,3482,10,Low
2374,5584,5,Low
3545,2266,15,Low
746,14718,11,Medium
3277,13498,3,Medium
2481,6161,7,Low
636,17875,21,Medium
3237,10099,22,Medium
4363,18651,2,High
1311,10207,13,Medium
4424,6331,17,Medium
1493,16497,11,Medium
3943,9233,3,Medium
4511,5245,14,Low
2223,17066,17,Medium
3966,1664,16,Low
4929,6470,13,Medium
3236,6245,14,Medium
4593,9572,1,Medium
1587,6426,5,Low
3439,9374,11,Medium
2505,1928,5,Low
101,13313,10,Medium
2469,3450,8,Low
2266,4304,11,Low
192,4013,9,Low
918,18238,16,Medium
448,8619,4,Medium
265,14960,11,Medium
4593,11488,21,Medium
4916,18572,0,High
427,1413,18,Low
2641,13761,17,Medium
1694,19829,18,High
4323,14224,22,Medium
2415,14262,12,Medium
2567,14335,7,Medium
127,15534,1,Medium
1616,16213,3,Medium
824,11887,4,Medium
3375,17701,17,Medium
1388,11837,18,Medium
3505,6399,17,Medium
2811,5199,8,Low
4667,1516,18,Low
2837,2404,23,Low
2243,6696,9,Low
1190,4654,1,Low
1420,9831,6,Medium
118,9253,14,Medium
399,17438,5,Medium
1719,18297,16,Medium
1359,17898,3,Medium
3947,3888,6,Low
2571,1986,18,Low
4867,16631,9,Medium
3936,6325,6,Medium
4463,5999,18,Medium
2136,9897,1,Medium
3023,3857,2,Low
4894,841,17,Low
2945,8120,17,Medium
910,13451,12,Medium
1854,8619,19,Medium
2841,18020,15,Medium
4678,6543,21,Medium
2809,5284,11,Low
4871,559,15,Low
4558,8909,5,Medium
3513,14793,4,Medium
2541,15829,8,Medium
2353,16673,4,Medium
4722,17132,20,High
4553,8944,10,Medium
1057,2511,2,Low
2514,18850,5,High
1380,4413,4,Low
3956,10420,6,Medium
3326,15876,9,Medium
688,7287,9,Low
3169,514,2,Low
4071,14204,5,Medium
2516,18261,23,Medium
384,15901,15,Medium
2080,12639,15,Medium
2933,5419,20,Low
4973,18517,17,High
1729,1444,10,Low
1166,4644,21,Low
4158,4172,9,Low
663,10953,12,Medium
4395,14910,10,Medium
3453,5140,12,Low
1442,848,11,Low
1169,12674,2,Medium
3267,4171,10,Low
1562,3488,19,Low
4827,560,11,Low
4286,12342,22,Medium
4941,698,21,Low
1256,12473,4,Medium
2535,8512,4,Medium
2278,13380,9,Medium
2315,16101,20,Medium
3917,17117,15,Medium
4917,14761,4,Medium
1502,16121,11,Medium
2445,17431,3,Medium
2385,15035,0,Medium
2202,810,23,Low
4483,12154,4,Medium
263,9759,1,Medium
4341,12377,2,Medium
901,6174,21,Low
4787,5124,20,Low
2131,10492,6,Medium
3824,4650,14,Low
1446,11269,23,Medium
2396,13944,18,Medium
4651,10802,19,Medium
2278,3647,19,Low
2252,15966,9,Medium
1362,9127,14,Medium
1327,11178,16,Medium
2175,9564,1,Medium
4244,15071,7,Medium
3551,9765,7,Medium
2344,18051,21,Medium
1513,13883,10,Medium
2246,19536,23,High
1365,8190,10,Medium
4963,18989,5,High
2943,14821,19,Medium
392,1019,1,Low
327,11730,3,Medium
4777,12483,17,Medium
2644,17058,12,Medium
573,5288,12,Low
3999,6011,16,Medium
1126,19029,7,Medium
3916,3056,19,Low
4540,1053,20,Low
2946,495,8,Low
2649,15719,9,Medium
1258,3141,5,Low
3104,6561,15,Medium
3430,1827,14,Low
934,18071,21,Medium
2158,9823,17,Medium
3560,11383,10,Medium
4064,1055,22,Low
2502,6627,21,Low
4796,3860,8,Low
2237,2565,5,Low
2931,8748,5,Medium
4007,17665,18,High
4051,7489,18,Medium
4985,6222,9,Medium
126,15123,17,Medium
566,5253,18,Low
2034,3017,2,Low
1070,5540,22,Low
4291,12445,11,Medium
3928,5539,21,Low
1599,1119,13,Low
796,19223,0,Medium
2259,13532,6,Medium
187,16395,3,Medium
4952,17490,0,High
1537,8960,8,Medium
4716,18523,13,High
4030,2323,16,Low
2992,11905,10,Medium
734,7105,12,Low
165,4782,9,Low
3721,11499,15,Medium
356,17150,17,Medium
3388,4051,7,Low
4085,12709,1,Medium
271,10819,20,Medium
739,10208,16,Medium
3191,14643,22,Medium
3414,17955,20,High
597,16385,20,Medium
3465,2791,14,Low
4047,7008,8,Medium
2699,2256,23,Low
603,17485,4,Medium
4641,16469,8,Medium
3849,6627,7,Medium
3219,19002,21,High
4507,11148,9,Medium
4508,7828,18,Medium
3055,1297,11,Low
960,13710,10,Medium
2182,343,17,Low
3164,3751,17,Low
926,2985,20,Low
2859,18097,1,High
4666,8217,12,Medium
4027,6647,22,Medium
1893,6436,16,Low
3666,12770,15,Medium
2002,7272,8,Medium
1918,1450,8,Low
2184,4901,3,Low
2882,18985,21,High
542,14030,4,Medium
4713,16953,9,High
1649,1223,10,Low
616,13517,5,Medium
2826,16498,14,Medium
3333,5432,14,Low
3977,5927,20,Medium
2922,16534,8,Medium
3509,7292,2,Medium
3313,622,22,Low
4012,19382,7,High
3166,11490,20,Medium
3552,4702,2,Low
3778,11499,10,Medium
3860,6169,10,Medium
1358,17544,22,Medium
3747,3628,15,Low
2259,11462,6,Medium
1066,7611,12,Low
460,11336,7,Medium
3826,7615,17,Medium
1896,17797,14,Medium
1235,2049,21,Low
2391,4560,18,Low
1240,14919,11,Medium
1181,11549,17,Medium
604,119,23,Low
4214,18213,22,High
1615,6417,14,Low
2516,10100,13,Medium
646,19281,14,Medium
1888,14110,19,Medium
3311,11938,3,Medium
951,3808,11,Low
3975,11102,5,Medium
1653,14556,20,Medium
2524,5886,9,Low
3768,8560,19,Medium
1025,403,3,Low
3206,19884,13,High
4069,1153,0,Low
250,17981,15,Medium
3569,10768,4,Medium
1197,7188,3,Low
4374,14907,11,Medium
992,13125,9,Medium
4950,3836,9,Low
2258,11006,8,Medium
4846,9072,16,Medium
4267,15027,5,Medium
4566,19817,0,High
4763,5797,12,Medium
4261,18148,21,High
4319,4227,11,Low
3719,3713,4,Low
3262,16294,17,Medium
1066,13903,5,Medium
2326,11450,1,Medium
4106,18849,9,High
3552,3623,7,Low
4124,1110,11,Low
1421,15874,6,Medium
3534,10280,1,Medium
3964,16310,1,Medium
3517,7481,3,Medium
757,4016,8,Low
824,2918,8,Low
2977,19936,22,High
1295,13394,12,Medium
193,18035,8,Medium
1576,9661,16,Medium
3550,13789,14,Medium
3467,15779,18,Medium
2193,1852,1,Low
3673,6785,20,Medium
2201,6274,3,Low
1518,8135,13,Medium
3553,11508,5,Medium
4750,15673,6,Medium
4606,6689,22,Medium
3891,15051,5,Medium
659,13778,12,Medium
3966,15755,2,Medium
708,7255,22,Low
4470,7871,14,Medium
4129,6806,21,Medium
3727,6270,2,Medium
1717,7146,20,Low
2379,1991,2,Low
310,6671,20,Low
1332,16463,10,Medium
3505,2758,6,Low
2656,18760,15,High
877,4609,10,Low
128,17143,22,Medium
4723,13110,1,Medium
2438,9649,19,Medium
2368,622,12,Low
2001,4443,11,Low
3228,18655,21,High
1143,17836,23,Medium
1281,16633,2,Medium
349,4165,1,Low
1268,6910,22,Low
1427,14237,19,Medium
3043,8727,3,Medium
2599,8442,6,Medium
998,14413,0,Medium
4788,5572,1,Medium
4106,7457,11,Medium
3845,1449,9,Low
3463,16686,6,Medium
4230,18183,11,High
1888,18734,14,Medium
4721,6548,22,Medium
3224,18660,4,High
3914,4707,2,Low
803,15441,16,Medium
3574,13466,0,Medium
2831,11845,12,Medium
2957,18987,7,High
1744,4565,2,Low
364,15875,18,Medium
4382,1634,8,Low
4159,16952,14,Medium
2357,2381,13,Low
1725,17145,1,Medium
520,8890,8,Medium
2899,2240,2,Low
3216,10754,9,Medium
4250,3008,18,Low
2657,14707,14,Medium
4143,16458,14,Medium
2028,5115,20,Low
4026,19181,2,High
1159,1196,10,Low
4173,6541,7,Medium
2600,14971,14,Medium
2143,6613,9,Low
1878,3994,17,Low
4432,11334,1,Medium
3505,18644,14,High
2284,4536,13,Low
328,2324,5,Low
817,1298,12,Low
4685,14774,21,Medium
4688,9611,10,Medium
3132,19177,9,High
1137,7408,0,Low
3955,4639,4,Low
3141,11604,10,Medium
3167,9058,17,Medium
3473,17240,2,Medium
2143,12358,11,Medium
2780,11243,17,Medium
1307,915,11,Low
948,5827,8,Low
2381,13711,2,Medium
2766,15244,0,Medium
1484,11156,6,Medium
1886,8095,6,Medium
4605,18041,11,High
116,8359,22,Medium
1502,1704,3,Low
4701,11346,22,Medium
2045,9522,16,Medium
3168,4854,17,Low
3899,15517,16,Medium
3792,793,7,Low
2831,5642,5,Low
1171,3851,13,Low
4881,4229,6,Low
3843,5082,2,Low
1746,15378,23,Medium
466,18254,4,Medium
2198,4346,5,Low
3387,19269,7,High
4443,14243,13,Medium
1702,8252,15,Medium
1519,15348,17,Medium
1205,19782,19,High
4127,12217,12,Medium
2983,18753,17,High
2793,2364,11,Low
640,14264,11,Medium
3767,18443,4,High
3462,5670,5,Low
2875,3352,7,Low
3319,15386,6,Medium
287,13520,15,Medium
2541,13572,8,Medium
1931,9978,5,Medium
2796,18683,9,High
4280,6563,17,Medium
2439,6250,4,Low
3406,263,23,Low
4179,5173,8,Low
621,9406,11,Medium
4183,2481,23,Low
4074,3919,11,Low
3092,15309,8,Medium
2379,13536,23,Medium
3008,7821,20,Medium
1837,1660,3,Low
2960,9176,2,Medium
1270,11387,4,Medium
2990,17904,19,Medium
918,11162,4,Medium
1706,17072,19,Medium
1494,13621,10,Medium
3560,16975,11,Medium
2732,16379,15,Medium
4450,8746,18,Medium
927,3796,0,Low
408,12007,2,Medium
3761,19072,22,High
4723,2979,21,Low
112,19132,16,Medium
3968,14598,20,Medium
3985,2826,7,Low
467,698,8,Low
196,7576,2,Low
1337,6344,15,Low
1581,5077,0,Low
2807,10327,7,Medium
539,15849,11,Medium
2648,2275,12,Low
732,13307,6,Medium
1363,18528,10,Medium
4553,12958,4,Medium
3139,16668,4,Medium
851,14608,3,Medium
1231,9261,5,Medium
1692,17463,0,Medium
3965,8240,12,Medium
4904,18979,8,High
4195,7287,21,Medium
3683,3836,12,Low
361,1437,17,Low
3352,9127,17,Medium
1583,5343,5,Low
2084,702,7,Low
1535,10075,20,Medium
2887,3573,7,Low
2090,8307,12,Medium
3410,1637,6,Low
4611,19079,9,High
590,2192,15,Low
3053,7168,16,Medium
3925,4816,7,Low
4112,2163,18,Low
4182,7499,16,Medium
4312,17293,20,High
2166,1558,23,Low
4635,5182,8,Low
1954,9060,9,Medium
4329,8342,21,Medium
1592,11388,4,Medium
367,6090,6,Low
739,17262,8,Medium
4370,2495,15,Low
1657,10617,12,Medium
3034,10139,9,Medium
1323,12224,0,Medium
467,11491,18,Medium
697,6391,14,Low
1617,11008,18,Medium
2620,15280,12,Medium
509,5120,17,Low
4431,14391,18,Medium
1469,18932,22,Medium
1963,11433,6,Medium
4277,7444,1,Medium
1050,3492,14,Low
3742,7837,12,Medium
1171,3812,15,Low
2278,12631,17,Medium
2396,3232,0,Low
4535,6307,12,Medium
2960,657,14,Low
1640,4595,5,Low
4711,5053,1,Low
2806,18257,14,High
2865,18269,14,High
1427,14594,14,Medium
4891,4671,10,Low
846,2422,15,Low
3191,17703,10,Medium
3293,10535,16,Medium
3376,15998,15,Medium
421,19688,12,Medium
705,7658,5,Low
3976,4672,9,Low
136,17290,17,Medium
4604,1060,14,Low
937,1091,5,Low
4696,17542,2,High
1331,15734,12,Medium
1548,1263,14,Low
1690,17063,23,Medium
1066,8334,15,Medium
3076,3531,3,Low
3296,16645,11,Medium
3571,8971,7,Medium
916,3724,23,Low
2889,6658,6,Medium
2015,706,8,Low
2642,10527,0,Medium
1508,17340,9,Medium
4047,3560,10,Low
4502,5213,1,Low
597,17437,20,Medium
471,2993,3,Low
3215,13231,18,Medium
3643,8734,21,Medium
4003,9374,20,Medium
514,1853,16,Low
984,3487,1,Low
4940,8235,21,Medium
1730,929,23,Low
1941,8254,7,Medium
3703,17565,22,High
1739,17606,2,Medium
814,12966,15,Medium
2063,14230,20,Medium
2278,10085,13,Medium
1484,14884,21,Medium
194,8346,15,Medium
2734,14394,22,Medium
1762,18036,8,Medium
1620,19478,10,High
303,888,13,Low
4549,7238,21,Medium
4681,11919,1,Medium
2197,2860,15,Low
1775,3711,7,Low
3033,16443,3,Medium
787,7095,4,Low
2700,8416,3,Medium
4651,4713,2,Low
2569,19177,21,High
3355,11191,23,Medium
2902,13491,23,Medium
464,1573,17,Low
1525,4809,8,Low
1456,4836,16,Low
1433,7961,11,Medium
3392,9144,22,Medium
3752,5324,21,Low
3602,9353,10,Medium
2967,17218,13,Medium
383,15136,11,Medium
4800,13777,20,Medium
3243,12006,6,Medium
2382,9695,20,Medium
3349,1519,19,Low
3297,17006,22,Medium
2601,17932,15,Medium
1028,13120,4,Medium
4167,9089,8,Medium
970,9187,3,Medium
1860,7210,15,Medium
3507,6093,18,Medium
4402,17013,21,Medium
351,6751,18,Low
4329,9517,15,Medium
4079,17614,5,High
4570,18652,23,High
482,5043,14,Low
594,6009,14,Low
3423,6768,22,Medium
448,4232,2,Low
1684,19564,13,High
652,14399,2,Medium
3494,19599,21,High
151,14745,11,Medium
1853,6063,3,Low
1762,6374,23,Low
2590,4514,20,Low
3615,7158,3,Medium
1139,5016,7,Low
1770,18230,17,Medium
1085,15441,7,Medium
4411,15875,10,Medium
3698,7273,2,Medium
1721,3598,6,Low
1924,1531,19,Low
1305,11062,13,Medium
4133,9893,12,Medium
2408,14757,7,Medium
686,18339,0,Medium
2062,15824,14,Medium
3978,13295,3,Medium
3083,9297,16,Medium
2972,15091,1,Medium
4490,8457,7,Medium
1540,14445,1,Medium
934,1517,21,Low
3500,2217,3,Low
2082,17113,9,Medium
316,6201,5,Low
3777,12865,0,Medium
3444,4510,5,Low
3672,16117,19,Medium
578,13178,23,Medium
4025,3654,2,Low
4856,10860,7,Medium
662,18941,5,Medium
4821,19285,14,High
4646,11549,0,Medium
4120,18362,12,High
3115,19876,21,High
2531,12696,17,Medium
4330,5925,9,Medium
1859,8628,11,Medium
4799,5143,21,Medium
2951,9344,21,Medium
3411,9620,9,Medium
1089,11102,15,Medium
4689,10815,14,Medium
3399,15373,15,Medium
262,10430,23,Medium
4978,17741,9,High
3289,13673,18,Medium
3422,3276,11,Low
2548,14045,3,Medium
3121,15344,6,Medium
3993,9041,22,Medium
2868,7467,19,Medium
1132,2347,23,Low
3559,19575,6,High
4327,14981,3,Medium
2494,8645,2,Medium
1921,17483,12,Medium
4153,10269,23,Medium
3601,10084,17,Medium
3532,16394,2,Medium
2622,17515,22,Medium
474,10745,19,Medium
2978,18779,7,High
2243,10154,6,Medium
3407,11853,18,Medium
3902,10217,13,Medium
3557,6184,20,Medium
1536,11763,15,Medium
1448,959,20,Low
2331,11026,17,Medium
4397,1496,0,Low
2763,14345,0,Medium
4804,16920,19,High
4275,5428,7,Low
2984,5323,0,Low
3903,5564,8,Low
3414,17945,6,High
2769,15101,21,Medium
4406,9164,7,Medium
4107,3998,12,Low
2062,6081,4,Low
3609,8299,16,Medium
3743,6321,23,Medium
2552,19317,4,High
164,10076,10,Medium
2286,9649,11,Medium
2945,1803,15,Low
567,12587,22,Medium
4109,18475,20,High
4480,9407,2,Medium
3289,9325,17,Medium
4622,13166,22,Medium
2562,9504,9,Medium
1922,2516,7,Low
1385,10341,12,Medium
2704,15231,15,Medium
1297,7939,9,Medium
1005,1976,4,Low
4304,1763,20,Low
2730,16585,10,Medium
3966,6957,3,Medium
3761,17329,5,Medium
3180,14122,11,Medium
119,19726,22,Medium
4683,11619,10,Medium
2632,12840,17,Medium
2983,8526,6,Medium
689,4180,8,Low
1489,8799,14,Medium
2461,12377,9,Medium
4254,11754,3,Medium
4916,4973,16,Low
1016,5438,18,Low
1721,4302,20,Low
1216,17438,12,Medium
3067,2881,17,Low
3370,13746,22,Medium
2993,8152,7,Medium
3037,4853,15,Low
4473,16238,12,Medium
2793,3978,10,Low
1761,11534,13,Medium
4509,11590,16,Medium
4863,19453,11,High
4072,12635,13,Medium
3643,9880,19,Medium
305,1191,10,Low
1659,10179,13,Medium
3955,6792,4,Medium
1118,7440,17,Low
1109,19204,16,Medium
1952,659,7,Low
3353,16546,10,Medium
1559,10939,16,Medium
3587,11122,0,Medium
1066,9199,18,Medium
224,18217,14,Medium
4080,11290,20,Medium
1676,9556,13,Medium
113,11751,4,Medium
4976,7983,19,Medium
4932,17879,6,High
1284,2654,6,Low
2779,13258,10,Medium
1366,12754,12,Medium
240,776,6,Low
1906,12679,15,Medium
469,10559,5,Medium
4228,4436,21,Low
4427,12923,20,Medium
3565,11117,13,Medium
3112,1361,11,Low
2549,5652,16,Low
636,13299,23,Medium
1410,7239,3,Low
1347,16723,17,Medium
1519,9560,10,Medium
3108,15239,10,Medium
679,2407,16,Low
3810,3039,8,Low
3988,14278,10,Medium
1953,7970,5,Medium
4458,15902,3,Medium
3555,13221,21,Medium
994,2763,7,Low
4590,3705,19,Low
4184,19583,13,High
1211,13373,18,Medium
1820,10441,3,Medium
4656,2485,5,Low
3784,19203,5,High
3199,4075,23,Low
3305,12411,1,Medium
3616,1838,23,Low
4197,12964,11,Medium
1096,637,12,Low
4774,17302,21,High
3805,10681,2,Medium
2843,12931,20,Medium
1421,10822,9,Medium
3079,4239,5,Low
1213,19518,16,High
969,4260,10,Low
1928,16037,9,Medium
2389,1327,3,Low
2057,2019,9,Low
4900,8822,19,Medium
3218,1528,16,Low
1129,2966,4,Low
4086,12267,20,Medium
596,16543,0,Medium
2250,8262,7,Medium
2589,6001,19,Low
4433,7683,7,Medium
3156,1322,15,Low
3905,3679,15,Low
3737,3739,4,Low
1071,14485,16,Medium
4264,7351,4,Medium
1053,4103,18,Low
1677,17338,19,Medium
2713,784,0,Low
4725,18840,20,High
1381,1429,17,Low
3612,9978,8,Medium
858,4780,10,Low
4008,6959,17,Medium
1291,3519,8,Low
2366,19074,10,High
3471,11346,15,Medium
2988,15829,12,Medium
2137,10225,20,Medium
263,13291,14,Medium
1116,7848,10,Medium
3183,8086,15,Medium
530,9973,13,Medium
1959,8196,9,Medium
201,1713,14,Low
2097,8805,18,Medium
1914,3896,15,Low
1227,18174,10,Medium
4712,14191,0,Medium
1930,13015,17,Medium
1376,16363,7,Medium
1575,8610,20,Medium
4158,16497,14,Medium
3159,4544,6,Low
2457,14991,17,Medium
521,19077,14,Medium
4231,5532,10,Medium
2952,5100,8,Low
3870,4603,10,Low
670,9079,18,Medium
2834,19279,13,High
4702,10963,13,Medium
607,7314,21,Low
3816,2975,19,Low
4643,16528,15,Medium
1615,6080,11,Low
2114,16485,21,Medium
2133,12957,15,Medium
1087,8020,5,Medium
311,18160,23,Medium
985,5193,22,Low
1133,14680,19,Medium
2295,19619,21,High
3600,2312,21,Low
4850,6307,21,Medium
440,2536,9,Low
2736,12171,3,Medium
1746,3800,6,Low
386,11161,15,Medium
3657,16697,5,Medium
1894,10963,22,Medium
2623,3319,21,Low
4226,4974,5,Low
3116,12721,21,Medium
113,7300,3,Low
2070,3318,11,Low
1494,5283,21,Low
4025,14050,10,Medium
913,2274,11,Low
4811,14768,9,Medium
1299,822,0,Low
3934,7770,10,Medium
2809,19171,11,High
1363,13659,18,Medium
3804,12846,19,Medium
4306,16244,8,Medium
360,13826,16,Medium
3371,14729,18,Medium
2882,4335,1,Low
3804,13010,7,Medium
142,16026,0,Medium
3759,11241,2,Medium
3296,763,15,Low
4787,18640,19,High
2933,7771,6,Medium
204,14789,4,Medium
1048,17920,12,Medium
3505,17909,16,High
2312,7009,14,Medium
2030,17285,13,Medium
684,10445,8,Medium
2582,9581,9,Medium
736,6284,20,Low
1029,18850,19,Medium
2378,13628,21,Medium
4442,7615,18,Medium
1362,12730,17,Medium
2089,18556,18,Medium
4635,19036,4,High
4521,10868,18,Medium
3370,9591,7,Medium
4568,4927,7,Low
4044,8976,22,Medium
2093,9334,19,Medium
3120,12204,15,Medium
3159,6848,21,Medium
3979,7561,23,Medium
4518,1715,18,Low
733,1238,10,Low
661,17087,7,Medium
3007,7943,18,Medium
4439,18378,4,High
1861,2538,21,Low
597,6527,23,Low
3778,4652,1,Low
2905,15873,7,Medium
4266,8511,19,Medium
3655,2268,15,Low
3511,4729,10,Low
3594,8472,9,Medium
2414,3559,23,Low
2987,11775,12,Medium
448,8391,15,Medium
624,18515,15,Medium
4258,17610,1,High
1705,5479,22,Low
2055,19021,11,High
1881,14936,13,Medium
1739,16521,5,Medium
4824,1169,8,Low
3412,13434,14,Medium
3387,4306,15,Low
4072,18288,2,High
810,6264,6,Low
4043,9062,5,Medium
2386,10062,20,Medium
797,18037,7,Medium
1856,19440,11,High
2553,2020,16,Low
483,11846,14,Medium
1462,18035,11,Medium
1156,8752,17,Medium
3978,11160,1,Medium
1619,5105,12,Low
2284,19382,1,High
3061,11083,9,Medium
1826,5619,0,Low
165,1915,3,Low
4613,2618,7,Low
2932,6830,15,Medium
3136,16979,8,Medium
1430,15413,21,Medium
3308,8424,22,Medium
274,6685,0,Low
4820,7865,21,Medium
1210,18973,5,Medium
2413,19140,18,High
999,11138,23,Medium
2970,1566,17,Low
1879,7308,15,Medium
4417,6306,4,Medium
1417,15426,2,Medium
3152,9554,3,Medium
4825,19397,1,High
3090,14991,1,Medium
1249,18508,0,Medium
3185,13591,1,Medium
3338,3816,15,Low
3412,10465,1,Medium
4443,14761,4,Medium
3015,12407,16,Medium
1977,14169,21,Medium
786,12907,11,Medium
1563,8347,9,Medium
971,17027,3,Medium
426,1052,10,Low
3596,12318,11,Medium
4857,16282,0,Medium
4929,17930,21,High
4705,2466,15,Low
2865,4732,11,Low
4928,5873,1,Medium
211,842,7,Low
1996,11309,2,Medium
1920,8268,14,Medium
2814,10316,8,Medium
2881,8996,0,Medium
1263,359,23,Low
3907,16439,19,Medium
3160,6037,18,Low
4376,2559,22,Low
953,14955,0,Medium
4829,11431,18,Medium
3705,12917,19,Medium
3674,5179,6,Low
774,11741,4,Medium
2380,2378,19,Low
1194,6106,11,Low
3472,19264,0,High
552,7208,7,Low
1353,8885,8,Medium
3187,19632,17,High
267,5904,14,Low
2488,16382,12,Medium
2779,12642,6,Medium
4956,18238,7,High
965,17082,23,Medium
3311,3608,4,Low
708,523,5,Low
1801,5551,17,Low
1083,2450,9,Low
4852,11288,5,Medium
1217,1550,16,Low
3385,11860,14,Medium
2873,7100,19,Medium
3085,17986,17,High
4967,6806,1,Medium
787,18259,5,Medium
336,13022,12,Medium
4475,10592,3,Medium
4366,17573,2,High
3592,773,7,Low
827,17049,11,Medium
1667,14978,6,Medium
1733,14127,21,Medium
341,17288,9,Medium
2201,15904,23,Medium
168,6337,15,Low
291,19614,10,Medium
903,12774,20,Medium
3090,7962,8,Medium
941,16237,16,Medium
1197,12633,10,Medium
4614,18995,2,High
3476,9498,5,Medium
3530,11825,4,Medium
1066,8356,2,Medium
4879,1166,16,Low
2728,7256,9,Medium
2083,19533,21,High
1327,7337,7,Low
1383,690,7,Low
3740,11380,5,Medium
416,9179,21,Medium
4306,7949,4,Medium
921,1310,16,Low
4360,754,2,Low
674,13573,22,Medium
808,12861,23,Medium
1356,12789,2,Medium
4158,15751,0,Medium
2304,17579,19,Medium
1658,986,17,Low
497,14387,9,Medium
2326,12301,1,Medium
3463,1975,3,Low
1266,1397,13,Low
1458,8061,0,Medium
4273,15305,1,Medium
3317,10011,5,Medium
3387,11066,4,Medium
3718,15830,17,Medium
3124,3609,20,Low
3997,7939,3,Medium
1029,10351,18,Medium
3314,4548,5,Low
3569,15137,11,Medium
3215,18941,16,High
4620,18542,19,High
1545,11944,6,Medium
3234,14375,14,Medium
3892,18620,22,High
587,442,4,Low
348,7441,3,Low
4723,4375,8,Low
1066,19334,11,High
2673,17797,18,Medium
1328,7930,17,Medium
2126,9716,13,Medium
4263,8356,7,Medium
2979,12414,9,Medium
4238,13309,2,Medium
4987,4102,7,Low
1002,17610,17,Medium
3123,5317,5,Low
1062,251,14,Low
4996,9343,20,Medium
1836,13879,22,Medium
775,19762,15,High
2281,11797,17,Medium
3040,12445,19,Medium
510,6683,10,Low
1797,10279,15,Medium
161,2825,13,Low
3993,11085,16,Medium
2039,18504,3,Medium
2514,19216,9,High
3899,4055,17,Low
3131,10394,2,Medium
1702,15247,2,Medium
334,19686,7,Medium
3268,19054,12,High
4629,9693,18,Medium
4459,12935,4,Medium
359,9900,3,Medium
992,10455,17,Medium
1831,15008,2,Medium
3818,2402,13,Low
4678,13571,13,Medium
3132,6229,16,Low
4771,19987,14,High
4037,16175,21,Medium
2363,770,12,Low
998,16786,14,Medium
1920,2595,15,Low
1551,9862,6,Medium
1945,4080,14,Low
255,5557,4,Low
4151,6924,13,Medium
400,15588,9,Medium
4718,9884,20,Medium
3587,15712,14,Medium
3255,11741,6,Medium
462,2103,3,Low
4435,2252,20,Low
4918,19473,19,High
3181,11769,20,Medium
4629,9357,20,Medium
1337,9432,20,Medium
1575,2809,19,Low
2990,10328,7,Medium
4461,14070,0,Medium
4875,4799,17,Low
1860,1003,1,Low
352,7143,6,Low
3194,1487,6,Low
2950,17329,7,Medium
1454,3155,8,Low
3429,15620,21,Medium
1124,15666,5,Medium
4437,8381,16,Medium
2705,8333,8,Medium
2952,12939,12,Medium
2757,4886,4,Low
1264,19696,22,High
4949,5421,9,Medium
551,12242,1,Medium
1062,420,7,Low
4947,15423,5,Medium
2696,1670,9,Low
3931,7254,17,Medium
2333,1548,12,Low
422,9695,1,Medium
1667,4711,21,Low
150,12064,16,Medium
3120,11524,15,Medium
2829,5568,16,Low
2887,13914,16,Medium
3555,11014,16,Medium
4907,9052,10,Medium
1501,18496,19,Medium
1939,17359,19,Medium
2340,12572,1,Medium
1216,6932,0,Low
3553,17079,21,Medium
4009,13489,6,Medium
1077,13404,15,Medium
608,16300,8,Medium
2023,3334,20,Low
2624,7388,11,Medium
3595,2348,9,Low
891,251,18,Low
812,17938,8,Medium
2288,448,15,Low
551,14854,16,Medium
4550,5527,11,Medium
1938,1177,15,Low
2790,1982,4,Low
1455,2898,18,Low
1589,2639,14,Low
2975,665,5,Low
1920,4462,15,Low
303,18540,7,Medium
2566,4992,18,Low
4621,4613,18,Low
4559,13163,17,Medium
3521,15596,3,Medium
2530,13626,17,Medium
4098,2450,19,Low
3563,8432,3,Medium
1676,9334,3,Medium
4594,18798,11,High
2897,12026,14,Medium
2741,5784,0,Low
4868,9079,23,Medium
4829,14239,16,Medium
2190,3065,2,Low
2355,18074,12,Medium
1354,14032,10,Medium
3238,3625,13,Low
3701,3257,16,Low
4882,8370,21,Medium
4130,4271,3,Low
407,7192,13,Low
609,12262,14,Medium
1177,9465,18,Medium
3419,7326,6,Medium
4473,12229,4,Medium
3298,13115,20,Medium
4715,8338,19,Medium
2445,15193,6,Medium
243,9637,21,Medium
1114,17047,20,Medium
2562,14339,10,Medium
1560,8015,9,Medium
3346,19282,8,High
3849,19235,5,High
3689,13744,4,Medium
3479,19367,6,High
1641,19823,11,High
1687,19913,19,High
4345,14173,18,Medium
2104,17905,8,Medium
2259,8699,1,Medium
4315,7073,12,Medium
2892,9698,5,Medium
455,6538,21,Low
2198,13584,12,Medium
1606,18810,4,Medium
4190,18285,6,High
3364,15805,17,Medium
1514,17067,12,Medium
397,4797,18,Low
1284,18944,0,Medium
1486,13181,10,Medium
4688,11065,9,Medium
2875,2202,2,Low
2913,8142,7,Medium
4794,16272,8,Medium
1206,11601,16,Medium
3001,18489,1,High
4167,18203,22,High
720,18598,21,Medium
4083,15919,7,Medium
3090,4412,10,Low
1190,17615,13,Medium
2331,9426,21,Medium
401,10199,4,Medium
1933,15439,15,Medium
2338,14230,20,Medium
3911,8892,6,Medium
3798,17173,12,Medium
4276,11831,23,Medium
491,11653,10,Medium
4816,6999,19,Medium
2206,6724,19,Low
1123,3602,21,Low
1638,4532,0,Low
3503,4301,9,Low
722,16173,19,Medium
3523,12316,8,Medium
3682,9157,2,Medium
794,3946,16,Low
3376,13037,4,Medium
4560,16419,4,Medium
883,9271,21,Medium
161,6681,0,Low
4118,2976,15,Low
668,19681,2,High
1276,7721,16,Medium
3216,18082,14,High
1637,16085,19,Medium
4045,13813,11,Medium
3165,16417,0,Medium
3288,12788,12,Medium
1259,17784,7,Medium
1383,6449,9,Low
3671,13831,17,Medium
3560,18565,2,High
971,10465,7,Medium
3646,15114,23,Medium
4915,16648,4,Medium
2528,11802,3,Medium
3208,3403,11,Low
1380,14100,11,Medium
3936,1210,1,Low
1745,12075,12,Medium
3688,16236,19,Medium
3577,15248,16,Medium
723,13354,5,Medium
1314,12482,7,Medium
1000,6445,19,Low
3776,7409,2,Medium
133,19270,23,Medium
2076,1368,0,Low
1227,11956,11,Medium
2447,18494,22,High
2274,15231,23,Medium
1802,4567,4,Low
1051,9821,15,Medium
284,788,19,Low
1798,8055,21,Medium
3272,18032,11,High
176,1238,19,Low
3021,5814,11,Low
4737,1854,4,Low
452,10311,21,Medium
3257,14202,9,Medium
1314,18262,16,Medium
4309,11284,19,Medium
3958,5023,7,Low
2993,5087,1,Low
1100,4520,22,Low
885,13350,21,Medium
4559,6532,7,Medium
1633,10672,8,Medium
2454,19255,5,High
2368,6837,8,Medium
678,16504,11,Medium
3203,7449,21,Medium
1428,19995,13,High
3139,1818,8,Low
474,13873,1,Medium
3846,18493,23,High
753,1596,1,Low
3295,329,20,Low
3684,14133,7,Medium
1485,15907,6,Medium
2340,800,22,Low
4936,18156,2,High
2004,1622,22,Low
4174,17789,23,High
3407,17535,16,Medium
4273,15447,19,Medium
325,1785,3,Low
1087,4895,15,Low
4887,12701,9,Medium
4255,15576,10,Medium
3531,1428,21,Low
2794,4210,0,Low
1454,4460,9,Low
3611,15015,4,Medium
4057,7428,13,Medium
2311,1934,6,Low
2222,9725,19,Medium
4562,9649,6,Medium
3320,17168,0,Medium
2367,15049,1,Medium
1957,11064,2,Medium
1589,6900,23,Low
4948,12514,20,Medium
4762,3931,23,Low
499,2995,21,Low
1330,15633,12,Medium
2911,7698,20,Medium
1423,15044,7,Medium
197,14450,8,Medium
1793,8622,19,Medium
4948,7697,21,Medium
1847,2483,1,Low
2724,4508,17,Low
1607,760,17,Low
2856,17223,22,Medium
3059,17977,3,High
2533,6407,15,Low
4029,11740,11,Medium
1743,19060,17,High
616,5284,14,Low
2077,14486,0,Medium
3078,12542,21,Medium
1885,9955,10,Medium
4648,17111,19,High
242,6396,2,Low
1134,3718,3,Low
4748,2756,8,Low
1242,3388,23,Low
343,17155,17,Medium
1538,2708,4,Low
338,1027,19,Low
803,7110,15,Low
3661,1205,13,Low
962,10594,15,Medium
260,10969,16,Medium
4849,15564,8,Medium
1669,13899,2,Medium
4390,15704,13,Medium
4626,10565,6,Medium
3080,8305,5,Medium
997,3195,15,Low
3524,9417,18,Medium
1221,17123,2,Medium
4054,7330,13,Medium
3912,11096,11,Medium
4320,2687,23,Low
3184,18333,9,High
2668,11647,23,Medium
3377,18835,3,High
1362,19587,13,High
640,18560,12,Medium
882,13643,10,Medium
547,13241,9,Medium
899,14128,9,Medium
2008,18248,15,Medium
1577,10093,22,Medium
1691,3804,3,Low
2093,2189,7,Low
1020,2890,8,Low
1927,2559,10,Low
1606,14729,5,Medium
1257,1119,19,Low
2755,19881,20,High
3082,3282,7,Low
2129,13625,10,Medium
425,19074,5,Medium
3680,1001,1,Low
451,5550,11,Low
1043,19603,6,High
3480,2980,2,Low
2677,14186,22,Medium
697,2670,0,Low
4338,14549,8,Medium
3087,5827,6,Low
2994,12242,2,Medium
675,18309,2,Medium
4842,11676,16,Medium
3229,8822,3,Medium
4903,4269,15,Low
1565,6590,11,Low
2340,9545,13,Medium
531,8198,19,Medium
2518,10124,23,Medium
2373,8892,22,Medium
4199,8559,13,Medium
1179,6912,12,Low
486,14684,2,Medium
4793,4633,0,Low
4989,17748,21,High
2151,18240,6,Medium
1633,1448,0,Low
183,2743,20,Low
949,12167,9,Medium
4873,4646,13,Low
4251,1879,16,Low
735,7847,10,Medium
3387,6545,5,Medium
1617,8695,11,Medium
4732,1404,1,Low
4815,19660,7,High
1749,5125,13,Low
3845,11498,1,Medium
3316,4025,2,Low
2417,5751,17,Low
1131,1552,1,Low
4131,6792,22,Medium
3239,19795,22,High
3749,1689,7,Low
1725,13467,13,Medium
208,15384,19,Medium
723,2615,16,Low
4119,18639,9,High
328,15620,1,Medium
2551,13546,2,Medium
2031,13197,18,Medium
189,16560,1,Medium
1364,1226,3,Low
4395,9264,10,Medium
4299,9882,11,Medium
1820,7000,2,Low
3941,19903,13,High
1832,11207,0,Medium
2200,3613,15,Low
4209,10170,6,Medium
4072,12394,14,Medium
2764,1657,1,Low
3880,10031,9,Medium
4838,12416,7,Medium
1845,5415,4,Low
3290,12580,21,Medium
2253,11162,13,Medium
2342,4495,12,Low
1098,19318,19,High
2622,524,17,Low
3925,13538,11,Medium
437,10370,22,Medium
1485,10937,3,Medium
2651,4234,12,Low
1672,10629,1,Medium
2087,11847,14,Medium
4058,10262,8,Medium
1363,3452,10,Low
3813,12965,9,Medium
4092,17022,16,Medium
4454,16367,0,Medium
4457,16128,20,Medium
3802,16048,16,Medium
1638,6647,4,Low
4582,9428,23,Medium
1065,19281,0,Medium
1082,18939,15,Medium
1810,2851,12,Low
664,8535,8,Medium
2243,2164,9,Low
135,5207,19,Low
4368,3100,23,Low
2780,4790,13,Low
2745,18062,11,Medium
1310,8313,2,Medium
1115,2110,10,Low
1122,12859,10,Medium
1109,13371,15,Medium
3208,19346,20,High
4389,16207,13,Medium
3744,4913,3,Low
1686,3344,1,Low
2968,6083,7,Low
3919,2881,10,Low
1214,11928,9,Medium
2497,6232,3,Low
4119,6312,19,Medium
3981,1539,9,Low
2153,5396,19,Low
2822,15565,5,Medium
3049,16791,18,Medium
1369,14137,10,Medium
3351,4304,17,Low
1245,1651,13,Low
2540,7702,23,Medium
2140,12039,1,Medium
4093,10423,23,Medium
1705,11726,12,Medium
4038,9461,10,Medium
305,6629,14,Low
1792,2115,19,Low
1831,1346,7,Low
706,12199,5,Medium
4904,7478,9,Medium
1279,10074,8,Medium
847,19623,12,High
3563,16091,17,Medium
3251,4782,23,Low
3768,15074,2,Medium
4852,7113,18,Medium
3579,13271,3,Medium
999,18850,1,Medium
3743,4002,22,Low
895,8564,19,Medium
360,14000,19,Medium
1193,16017,22,Medium
325,12354,6,Medium
1786,2709,10,Low
4875,13260,20,Medium
2169,12759,3,Medium
2168,955,7,Low
1406,10922,23,Medium
2876,9713,1,Medium
403,6114,13,Low
3307,1034,8,Low
4241,19917,10,High
4915,7947,6,Medium
1974,9123,12,Medium
3345,17808,14,High
358,19219,5,Medium
2538,17979,23,Medium
1358,1317,18,Low
4581,8565,6,Medium
285,16092,9,Medium
4608,9301,11,Medium
939,2315,11,Low
3992,9487,6,Medium
411,6153,1,Low
2952,14813,4,Medium
4289,9655,18,Medium
4401,7074,3,Medium
1436,19194,13,High
2132,19426,3,High
1508,18663,20,Medium
556,6590,17,Low
2085,12200,13,Medium
2824,17628,21,Medium
4526,18872,6,High
605,4005,12,Low
1480,13856,6,Medium
832,4526,21,Low
127,12513,23,Medium
3479,884,3,Low
4388,14750,12,Medium
4438,7746,17,Medium
250,15054,13,Medium
4355,9324,1,Medium
4977,18805,6,High
1930,669,18,Low
4425,7988,10,Medium
4810,9223,14,Medium
1753,1542,5,Low
1357,13833,6,Medium
244,13087,15,Medium
4616,5532,21,Medium
2536,16814,22,Medium
4990,12421,21,Medium
547,7669,12,Low
1975,16806,21,Medium
4945,5164,20,Medium
2377,2062,0,Low
2193,5330,19,Low
4557,8859,13,Medium
625,9918,21,Medium
2520,12655,10,Medium
2997,4462,20,Low
2040,14156,17,Medium
3860,7086,13,Medium
4343,15479,0,Medium
883,7380,18,Low
1670,1212,11,Low
4494,17479,3,High
2916,7215,5,Medium
3232,1882,15,Low
2634,13457,4,Medium
4148,6686,3,Medium
712,10021,11,Medium
4687,11466,23,Medium
4686,17668,14,High
2420,19378,15,High
4219,6773,5,Medium
2221,13160,8,Medium
773,6579,20,Low
1525,12000,4,Medium
277,10706,8,Medium
662,5795,16,Low
322,12661,20,Medium
2730,9224,19,Medium
3999,16594,22,Medium
2644,18526,21,High
4726,201,22,Low
1264,5539,6,Low
473,2719,12,Low
1690,16347,21,Medium
3155,17448,0,Medium
1299,8176,2,Medium
2408,359,9,Low
4767,18089,16,High
1478,1717,7,Low
3848,4144,19,Low
3230,1384,5,Low
3916,11742,8,Medium
1661,1586,18,Low
4221,7693,14,Medium
1147,16071,18,Medium
4879,5816,16,Medium
4723,6819,1,Medium
3429,18686,22,High
1051,10575,4,Medium
968,8476,23,Medium
172,12551,21,Medium
4086,428,5,Low
3543,5161,8,Low
2069,14568,19,Medium
149,14244,12,Medium
987,18398,22,Medium
1045,3999,3,Low
498,475,2,Low
3258,10932,21,Medium
1259,18467,11,Medium
737,5180,16,Low
2829,5099,12,Low
2306,2402,1,Low
833,3812,7,Low
1490,16175,23,Medium
4028,17253,8,Medium
2711,992,4,Low
293,5623,15,Low
1490,3397,15,Low
966,12753,14,Medium
4705,1029,17,Low
2663,10385,3,Medium
4760,7997,12,Medium
394,9116,13,Medium
1108,19637,22,High
565,5682,1,Low
2080,19715,7,High
2125,10826,10,Medium
3161,18036,4,High
1651,18033,14,Medium
3006,746,16,Low
3052,9026,5,Medium
4348,13760,22,Medium
2082,5611,16,Low
3295,8311,18,Medium
1060,3542,10,Low
691,2702,17,Low
1689,5786,17,Low
3783,18681,7,High
4190,18163,2,High
3943,4630,20,Low
1689,2947,15,Low
4910,1087,4,Low
3332,599,6,Low
4380,14978,1,Medium
3543,18682,22,High
3705,16087,21,Medium
1539,7816,16,Medium
674,12808,3,Medium
1993,7422,2,Medium
2962,17141,9,Medium
2896,12271,19,Medium
3905,6100,2,Medium
3465,1563,16,Low
2965,13912,19,Medium
2807,2443,22,Low
1160,12943,8,Medium
2038,18034,22,Medium
4091,16936,13,Medium
1011,364,3,Low
4649,10690,15,Medium
600,10978,15,Medium
2724,8633,20,Medium
3589,18205,12,High
3643,15004,8,Medium
1920,1855,1,Low
2161,15342,15,Medium
1652,15348,5,Medium
212,18441,17,Medium
2283,6219,11,Low
3792,8490,9,Medium
4718,19581,21,High
3649,15362,8,Medium
2275,7378,3,Medium
1344,17828,9,Medium
3213,11596,18,Medium
2776,1848,8,Low
2502,6911,7,Medium
4997,4027,12,Low
567,5694,5,Low
3932,1782,22,Low
1109,9440,4,Medium
557,16059,6,Medium
3764,19481,8,High
3539,15900,10,Medium
3706,13515,22,Medium
142,6959,6,Low
461,313,6,Low
2919,8944,8,Medium
1817,14435,15,Medium
4309,11989,20,Medium
2862,14266,23,Medium
2736,18828,2,High
1916,14603,20,Medium
609,19564,7,Medium
1514,15705,16,Medium
4354,9872,7,Medium
3696,18574,8,High
2385,11061,8,Medium
1013,13589,23,Medium
1594,15711,21,Medium
4415,6616,21,Medium
3855,16182,2,Medium
844,5158,17,Low
1310,14170,16,Medium
3545,10017,9,Medium
4428,3798,6,Low
4748,4805,2,Low
822,18067,18,Medium
2174,5155,15,Low
592,117,18,Low
4525,363,19,Low
3183,13358,6,Medium
3320,11721,4,Medium
4860,17203,9,High
1581,19974,10,High
246,18762,10,Medium
975,15304,14,Medium
1190,3202,12,Low
2317,13406,18,Medium
2911,7005,21,Medium
4489,2605,0,Low
3678,14885,6,Medium
4492,16858,15,Medium
3766,15032,13,Medium
2736,5444,7,Low
4345,945,14,Low
1965,17083,18,Medium
2677,3790,18,Low
4002,7552,3,Medium
1618,6037,23,Low
4844,3666,0,Low
1594,19365,5,High
746,5210,13,Low
3853,5333,8,Low
2270,15534,12,Medium
2966,4496,22,Low
2277,558,2,Low
2142,16861,2,Medium
4231,19602,17,High
1305,19978,16,High
1295,3885,17,Low
1255,6910,10,Low
496,15702,19,Medium
4760,2267,15,Low
404,10730,14,Medium
3999,1827,0,Low
2602,6196,13,Low
135,4301,14,Low
860,15868,12,Medium
747,14271,6,Medium
3411,3589,16,Low
2455,7261,19,Medium
291,18057,4,Medium
3803,16275,12,Medium
2052,11028,4,Medium
1826,13400,18,Medium
4731,19084,23,High
4991,14726,14,Medium
3350,15844,9,Medium
3831,10284,6,Medium
336,19872,10,High
1168,15548,1,Medium
1705,16903,16,Medium
3459,16214,15,Medium
2120,18852,4,High
688,12978,8,Medium
1690,5156,0,Low
4698,6168,5,Medium
4796,15904,17,Medium
3274,15619,5,Medium
4862,9721,9,Medium
331,14671,12,Medium
4796,10093,14,Medium
3141,17743,18,Medium
1638,2953,16,Low
1657,525,19,Low
1465,1237,13,Low
3815,6234,23,Medium
3117,9966,22,Medium
4342,15650,8,Medium
4855,7426,9,Medium
4709,18740,8,High
2169,6101,17,Low
4771,12941,1,Medium
4022,4480,13,Low
3725,13654,5,Medium
3909,7633,20,Medium
177,6527,2,Low
3272,9612,16,Medium
4811,1392,2,Low
2855,580,13,Low
1885,19837,3,High
3571,6919,1,Medium
4018,779,8,Low
4729,16916,8,High
3728,9375,11,Medium
3647,1598,19,Low
3013,4908,23,Low
925,9307,8,Medium
3305,11418,1,Medium
2192,9937,8,Medium
4197,1608,7,Low
3270,6155,23,Medium
3669,11528,7,Medium
137,635,14,Low
4047,14461,1,Medium
1707,19203,5,High
1420,10780,6,Medium
489,9193,15,Medium
916,16464,3,Medium
1735,3494,7,Low
3138,17199,13,Medium
485,16787,5,Medium
1189,7312,2,Low
2339,16625,19,Medium
453,16918,14,Medium
4873,9641,2,Medium
4378,11972,23,Medium
4023,1500,19,Low
1871,2038,5,Low
3723,19295,18,High
3509,14674,20,Medium
3992,10580,19,Medium
4788,3681,22,Low
1074,14038,3,Medium
4021,17243,20,Medium
173,15711,23,Medium
4285,16751,3,Medium
3330,8659,11,Medium
2523,6367,9,Low
135,11521,14,Medium
1083,8008,6,Medium
4421,8389,17,Medium
2273,11841,8,Medium
3622,1421,2,Low
1687,6755,23,Low
2695,4204,18,Low
3880,11807,7,Medium
846,6491,1,Low
3873,15171,15,Medium
4482,3751,23,Low
4803,716,7,Low
175,9505,3,Medium
4182,15172,9,Medium
3760,2294,16,Low
275,4136,10,Low
2198,18554,21,High
4083,5993,2,Medium
2067,5859,18,Low
3120,12634,12,Medium
1338,1588,4,Low
4377,10392,15,Medium
4439,5174,11,Low
2388,19437,9,High
3749,14564,11,Medium
2495,425,21,Low
756,8304,14,Medium
528,4515,3,Low
2702,2256,6,Low
4364,19547,12,High
1470,2577,19,Low
1854,10274,13,Medium
2619,1234,8,Low
1946,19206,13,High
1608,19851,6,High
4489,15001,7,Medium
1687,11861,3,Medium
3981,10506,18,Medium
4029,12877,8,Medium
2265,5282,3,Low
309,10347,7,Medium
3683,15545,17,Medium
2964,14689,19,Medium
885,19610,6,High
337,6278,20,Low
4028,6848,9,Medium
375,614,16,Low
4463,2520,22,Low
4957,14855,10,Medium
3799,10737,21,Medium
1664,7455,1,Medium
690,19861,7,High
955,12475,16,Medium
3791,11559,22,Medium
1779,11204,13,Medium
2839,1829,2,Low
4298,16504,1,Medium
4747,17766,10,High
3322,12406,17,Medium
4518,3453,15,Low
2430,19309,23,High
1669,8634,0,Medium
4912,1308,5,Low
1462,19297,17,High
1451,4137,9,Low
982,18234,15,Medium
1909,18929,19,High
843,12459,2,Medium
3665,12993,17,Medium
1562,10513,5,Medium
1593,3519,22,Low
1428,7281,15,Low
1706,11529,8,Medium
3439,11247,23,Medium
2783,11631,20,Medium
718,17708,4,Medium
873,18596,7,Medium
3609,12554,23,Medium
1510,14296,17,Medium
2874,2864,7,Low
648,4720,6,Low
1726,18495,4,Medium
3741,17403,6,Medium
241,7053,22,Low
831,10341,5,Medium
489,6933,13,Low
2705,8074,16,Medium
2173,16344,2,Medium
448,6764,11,Low
839,650,2,Low
4094,9081,21,Medium
1695,17016,11,Medium
2981,9617,18,Medium
2407,7411,20,Medium
3169,19089,21,High
3580,14061,3,Medium
3078,14216,23,Medium
1259,17081,4,Medium
4904,7137,1,Medium
3497,2084,21,Low
4544,14345,4,Medium
4105,13614,22,Medium
1642,17112,15,Medium
2110,157,17,Low
2282,2585,12,Low
2779,15264,9,Medium
3462,5195,21,Low
1665,19621,14,High
3811,567,0,Low
1583,14642,19,Medium
1549,5773,18,Low
847,5916,14,Low
2107,14558,22,Medium
3374,9328,16,Medium
4004,11242,9,Medium
1884,1812,1,Low
3399,18272,5,High
4338,7364,19,Medium
3816,6561,9,Medium
2480,18310,13,Medium
340,4281,5,Low
908,9257,22,Medium
2666,9240,11,Medium
3209,5144,17,Low
966,12299,20,Medium
3589,2037,0,Low
1215,2236,16,Low
2024,6335,7,Low
1936,16504,18,Medium
599,8094,0,Medium
160,1029,6,Low
279,15757,19,Medium
2668,5723,9,Low
2163,6912,12,Medium
2149,6916,2,Medium
800,7011,17,Low
3963,19360,16,High
230,1714,11,Low
2941,1439,0,Low
3907,11875,8,Medium
2849,14302,20,Medium
677,9513,16,Medium
3599,18575,5,High
3015,3760,19,Low
3770,16480,9,Medium
1609,8476,5,Medium
591,9231,13,Medium
4728,981,18,Low
3356,9328,18,Medium
3797,11592,7,Medium
1512,5074,11,Low
3323,10014,2,Medium
4884,386,1,Low
4136,6971,23,Medium
843,14729,21,Medium
3315,4516,10,Low
3938,2123,11,Low
4627,4064,17,Low
3217,14952,6,Medium
2917,300,8,Low
4988,5866,12,Medium
3547,15162,4,Medium
1764,10862,10,Medium
1872,8424,13,Medium
2123,11166,0,Medium
4405,11229,8,Medium
254,1668,8,Low
2537,3312,9,Low
3543,2054,9,Low
2699,19438,10,High
1165,8277,21,Medium
4177,3901,3,Low
1658,7534,6,Medium
4664,19364,2,High
2434,11522,23,Medium
669,4087,10,Low
4516,10144,0,Medium
472,537,23,Low
2988,16502,8,Medium
2735,1599,4,Low
4081,15323,15,Medium
1378,1792,21,Low
1496,7261,5,Low
4839,17955,10,High
3193,3149,11,Low
4311,15532,3,Medium
179,17979,12,Medium
208,15462,19,Medium
4481,11804,11,Medium
486,3515,16,Low
3351,14909,21,Medium
152,18193,6,Medium
3628,11388,16,Medium
4152,15668,19,Medium
2531,11869,18,Medium
3847,19396,23,High
296,12704,2,Medium
3335,7513,1,Medium
3354,11920,7,Medium
1379,712,2,Low
2125,4548,8,Low
1824,10136,2,Medium
3800,9531,20,Medium
440,12895,0,Medium
232,2332,2,Low
3388,13881,8,Medium
974,8567,12,Medium
2857,8394,7,Medium
2730,6496,10,Low
2485,3080,4,Low
1100,2971,18,Low
2511,13383,18,Medium
1089,19506,6,High
1599,12750,3,Medium
4730,17525,2,High
1363,16231,7,Medium
692,12668,19,Medium
2928,7024,5,Medium
346,16664,2,Medium
1265,15165,10,Medium
120,11747,11,Medium
3400,1276,15,Low
4699,11930,6,Medium
2832,12423,20,Medium
4450,12379,17,Medium
2991,16520,6,Medium
1132,886,12,Low
4794,11723,22,Medium
1499,13156,2,Medium
4264,5160,19,Low
2992,4466,0,Low
1376,13583,21,Medium
2169,10067,16,Medium
4105,15581,10,Medium
4553,3817,19,Low
4749,5884,10,Medium
2331,10995,15,Medium
4987,398,0,Low
3415,2845,7,Low
4330,18362,2,High
2211,8804,22,Medium
138,6843,21,Low
1921,7218,23,Medium
1813,18073,13,Medium
1592,12355,23,Medium
4442,6916,23,Medium
4078,11049,19,Medium
423,4016,18,Low
2780,15618,19,Medium
1445,4929,13,Low
4646,9177,10,Medium
2946,14364,1,Medium
2969,4884,6,Low
479,17342,7,Medium
4565,2414,22,Low
4205,13153,18,Medium
2902,8127,23,Medium
2372,14551,6,Medium
4620,327,3,Low
736,6145,4,Low
362,19394,13,Medium
4069,2054,2,Low
1811,16569,19,Medium
486,2330,3,Low
1450,2531,15,Low
1159,11209,8,Medium
1570,10550,7,Medium
1684,6728,6,Low
907,7098,15,Low
1428,19902,1,High
